성별,나이,키
남,25,173.0
남,28,183.0
남,19,174.0
남,20,175.0
남,22,185.0
남,23,178.0
남,24,183.0
남,24,191.0
남,27,172.0
남,26,163.0
남,20,176.0
남,26,175.0
남,20,173.0
남,28,185.0
남,23,167.0
남,26,172.0
남,21,171.0
남,25,183.0
남,21,172.0
남,25,164.0
남,28,178.0
남,60,176.0
남,19,168.0
남,22,176.0
남,24,176.0
남,20,175.0
남,19,176.0
남,23,173.0
남,21,179.0
남,22,172.0
남,26,175.0
남,19,175.0
남,18,169.0
남,26,167.0
남,23,180.0
남,24,172.0
남,22,177.0
남,26,175.0
남,25,177.0
남,25,181.0
남,28,177.0
남,26,178.0
남,27,177.0
남,26,176.0
여,20,156.0
여,31,154.0
여,19,160.0
여,21,165.0
여,55,166.0
여,22,166.0
여,45,162.0
여,27,165.0
여,22,171.0
여,20,163.0
여,55,153.0
여,56,155.0
여,19,156.0
여,44,157.0
여,60,162.0
여,64,149.0
여,20,169.0
남,16,172.0
남,16,165.0
남,16,173.0
남,16,162.0
남,16,174.0
남,16,173.0
남,16,170.0
남,16,175.0
남,16,185.0
남,16,161.0
남,16,173.0
남,16,171.0
남,16,167.0
남,16,173.0
남,16,172.0
남,16,173.0
남,15,171.0
남,16,171.0
남,16,175.0
남,16,179.0
남,16,169.0
남,15,161.0
남,16,175.0
남,16,175.0
남,15,174.0
남,16,181.0
남,16,175.0
남,16,171.0
남,16,172.0
남,16,171.0
남,17,170.0
남,17,172.0
남,17,165.0
남,16,171.0
남,17,172.0
남,17,182.0
남,17,172.0
남,17,171.0
남,17,164.0
남,17,175.0
남,17,174.0
남,17,166.0
남,17,173.0
남,17,174.0
여,16,162.0
여,16,164.0
여,16,154.0
여,16,164.0
여,16,157.0
여,16,156.0
여,16,163.0
여,17,166.0
여,16,157.0
여,16,161.0
여,16,160.0
여,15,159.0
여,16,161.0
여,16,163.0
여,16,151.0
여,16,154.0
여,16,159.0
여,16,168.0
여,16,164.0
여,16,158.0
여,16,164.0
여,16,163.0
여,16,155.0
여,16,163.0
여,16,165.0
여,15,158.0
여,16,164.0
여,16,166.0
여,16,162.0
여,16,157.0
여,16,166.0
여,16,160.0
여,15,152.0
남,16,170.0
남,16,177.0
남,16,162.0
남,16,177.0
남,16,168.0
남,16,163.0
남,16,164.0
남,16,180.0
남,16,178.0
남,16,179.0
남,15,169.0
남,16,162.0
남,16,170.0
남,16,180.0
여,16,157.0
여,17,155.0
여,17,164.0
여,17,154.0
여,17,160.0
여,17,159.0
여,17,164.0
여,17,157.0
여,17,169.0
여,17,163.0
여,17,166.0
여,17,160.0
여,17,161.0
여,17,160.0
여,17,158.0
여,17,157.0
여,17,162.0
여,16,159.0
여,17,162.0
여,17,162.0
여,17,159.0
여,17,168.0
여,17,163.0
여,17,159.0
여,17,158.0
여,17,162.0
여,17,154.0
여,17,151.0
여,17,162.0
여,17,168.0
여,16,160.0
여,17,156.0
여,16,156.0
여,17,158.0
여,17,158.0
여,17,152.0
여,17,165.0
여,17,160.0
여,17,166.0
여,17,155.0
여,16,156.0
여,16,158.0
여,16,156.0
여,16,160.0
남,17,178.0
남,17,180.0
남,17,183.0
남,17,174.0
남,17,171.0
남,17,176.0
남,17,172.0
남,17,170.0
남,16,175.0
남,17,167.0
남,17,169.0
남,17,178.0
남,17,170.0
남,17,174.0
남,17,173.0
남,17,161.0
남,17,185.0
남,17,169.0
남,17,180.0
남,17,172.0
남,16,176.0
남,17,168.0
남,17,173.0
남,17,174.0
남,17,171.0
남,17,169.0
남,18,173.0
남,16,186.0
남,17,174.0
남,17,174.0
남,17,184.0
남,16,160.0
남,17,179.0
남,17,173.0
남,17,173.0
여,46,152.0
여,55,157.0
여,55,147.0
여,43,155.0
여,56,159.0
여,51,158.0
여,66,152.0
여,59,156.0
여,49,154.0
여,45,164.0
여,52,149.0
여,38,156.0
여,68,147.0
여,55,155.0
여,52,159.0
여,47,158.0
여,56,152.0
여,52,153.0
여,66,151.0
여,51,145.0
여,50,160.0
여,45,164.0
여,40,156.0
여,40,156.0
여,58,143.0
여,52,164.0
여,22,157.0
여,51,160.0
여,47,163.0
여,53,164.0
여,60,153.0
여,19,161.0
여,44,153.0
여,52,158.0
여,43,157.0
여,35,154.0
여,43,161.0
여,49,157.0
여,35,158.0
여,57,147.0
여,38,155.0
여,36,166.0
여,47,158.0
여,33,160.0
여,45,159.0
여,41,159.0
여,47,157.0
여,57,145.0
여,49,161.0
여,58,148.0
여,53,150.0
여,45,155.0
여,36,153.0
여,53,151.0
여,37,162.0
여,46,154.0
여,59,148.0
여,56,154.0
여,44,160.0
여,68,150.0
여,61,156.0
여,62,146.0
여,20,159.0
여,30,157.0
여,16,157.0
여,63,150.0
여,35,162.0
여,62,158.0
여,51,146.0
여,49,159.0
여,20,160.0
여,20,161.0
여,46,154.0
여,33,167.0
여,34,165.0
여,67,154.0
여,59,153.0
여,36,163.0
여,37,157.0
여,60,155.0
여,52,167.0
여,59,163.0
여,55,158.0
여,56,157.0
여,62,154.0
여,24,159.0
여,46,151.0
여,67,140.0
여,26,160.0
여,38,165.0
여,26,169.0
여,54,154.0
여,31,166.0
여,37,163.0
여,33,156.0
여,35,158.0
여,57,148.0
여,56,158.0
여,33,166.0
여,52,151.0
여,65,152.0
여,36,158.0
여,49,160.0
여,49,156.0
여,55,151.0
여,55,145.0
여,52,153.0
여,60,153.0
여,57,147.0
여,45,150.0
여,67,147.0
여,61,151.0
여,66,148.0
여,47,157.0
여,44,157.0
여,50,154.0
여,22,167.0
여,52,162.0
여,41,160.0
여,62,153.0
여,50,158.0
여,53,153.0
여,59,147.0
여,53,151.0
여,56,151.0
여,57,147.0
여,48,154.0
여,51,152.0
여,48,165.0
여,55,148.0
여,62,146.0
여,50,154.0
여,50,152.0
여,44,158.0
여,48,150.0
여,51,152.0
여,59,155.0
여,55,148.0
여,43,165.0
여,45,152.0
여,40,150.0
여,53,156.0
여,31,166.0
여,37,169.0
여,38,156.0
여,36,156.0
여,37,159.0
여,43,159.0
여,36,165.0
여,51,161.0
여,50,150.0
여,21,159.0
여,21,155.0
여,47,160.0
여,47,153.0
여,50,161.0
여,37,157.0
여,35,164.0
여,35,161.0
여,37,160.0
여,35,151.0
여,34,163.0
여,35,162.0
여,48,155.0
여,16,164.0
여,51,150.0
여,61,151.0
여,48,150.0
여,44,150.0
여,51,164.0
여,50,159.0
여,66,149.0
여,37,163.0
여,47,152.0
여,46,152.0
여,49,154.0
여,44,170.0
여,55,148.0
여,59,151.0
여,42,159.0
여,46,149.0
여,53,158.0
여,56,166.0
여,47,154.0
여,36,170.0
여,61,149.0
여,51,152.0
여,38,162.0
여,42,147.0
여,38,147.0
여,51,155.0
여,36,158.0
여,53,152.0
여,62,152.0
여,59,154.0
여,53,152.0
여,60,156.0
여,56,162.0
여,63,143.0
여,62,162.0
여,50,148.0
여,37,176.0
여,40,150.0
여,18,156.0
여,18,158.0
여,55,152.0
여,56,146.0
여,45,160.0
여,56,153.0
여,66,147.0
여,54,155.0
여,38,158.0
여,43,151.0
여,35,157.0
여,34,160.0
여,40,158.0
남,56,164.0
남,63,170.0
남,60,160.0
남,44,171.0
남,54,172.0
남,23,171.0
남,23,173.0
남,23,173.0
남,16,179.0
남,68,153.0
남,57,170.0
남,18,170.0
남,56,158.0
남,69,167.0
남,18,175.0
남,24,168.0
남,46,172.0
남,19,165.0
남,55,168.0
남,19,172.0
남,55,161.0
남,18,163.0
남,54,171.0
남,33,164.0
남,61,162.0
남,16,176.0
남,17,170.0
남,29,171.0
남,48,166.0
남,35,181.0
남,66,167.0
남,57,172.0
남,58,162.0
남,43,174.0
남,36,178.0
남,19,169.0
남,16,172.0
남,16,172.0
남,16,176.0
남,16,174.0
남,52,166.0
남,18,175.0
남,19,176.0
남,18,175.0
남,18,173.0
남,18,187.0
남,40,170.0
남,43,167.0
남,35,170.0
남,22,171.0
남,61,162.0
남,36,165.0
남,51,163.0
남,34,172.0
남,58,165.0
남,49,171.0
남,22,170.0
남,45,163.0
남,19,167.0
남,19,170.0
남,68,170.0
남,19,167.0
남,18,175.0
남,18,164.0
남,18,168.0
남,18,170.0
남,17,182.0
남,16,163.0
남,16,156.0
남,16,168.0
남,16,180.0
남,16,166.0
남,17,173.0
남,17,174.0
남,17,171.0
남,47,173.0
남,19,188.0
남,25,178.0
남,45,171.0
남,46,168.0
남,26,169.0
남,26,164.0
남,43,162.0
여,59,158.0
여,54,160.0
여,47,151.0
여,47,158.0
여,51,156.0
여,50,148.0
여,54,158.0
여,30,172.0
여,18,171.0
여,18,158.0
여,47,147.0
여,69,160.0
여,54,144.0
여,37,156.0
여,37,158.0
여,19,153.0
여,19,163.0
여,46,157.0
여,49,165.0
여,38,161.0
여,50,162.0
여,46,164.0
여,51,154.0
여,50,158.0
여,49,158.0
여,43,155.0
여,53,150.0
여,48,158.0
여,54,158.0
여,53,153.0
여,51,158.0
여,62,149.0
여,66,154.0
여,68,153.0
여,36,159.0
여,42,152.0
여,38,144.0
여,33,154.0
여,19,158.0
여,17,159.0
여,42,155.0
여,42,158.0
여,67,152.0
여,60,149.0
여,60,163.0
여,60,160.0
여,58,151.0
여,57,150.0
여,42,159.0
여,16,157.0
여,44,154.0
여,66,156.0
여,45,161.0
여,57,158.0
여,49,158.0
여,44,153.0
여,38,166.0
여,48,165.0
여,59,173.0
여,46,152.0
여,41,162.0
여,53,152.0
여,53,159.0
여,46,159.0
여,51,168.0
여,45,146.0
여,59,151.0
여,20,155.0
여,38,156.0
여,59,152.0
여,34,163.0
여,47,158.0
여,43,160.0
여,43,158.0
여,19,153.0
여,45,159.0
여,53,162.0
여,22,156.0
여,55,160.0
여,66,144.0
여,45,156.0
여,45,150.0
여,31,152.0
여,39,165.0
여,47,164.0
여,19,167.0
여,18,161.0
여,66,143.0
여,67,153.0
여,69,149.0
여,57,147.0
여,54,156.0
여,44,152.0
여,66,158.0
여,66,158.0
여,66,155.0
여,63,159.0
여,38,159.0
여,61,159.0
여,33,157.0
여,60,158.0
여,41,166.0
여,53,155.0
여,49,149.0
여,47,155.0
여,32,166.0
여,33,160.0
여,34,162.0
여,68,153.0
여,67,150.0
여,33,161.0
여,64,155.0
여,42,158.0
여,30,163.0
여,26,153.0
여,35,157.0
여,63,154.0
여,49,161.0
여,56,152.0
여,48,164.0
여,50,160.0
여,51,166.0
여,18,168.0
여,33,159.0
여,63,150.0
여,62,151.0
여,51,162.0
여,57,155.0
여,34,153.0
여,46,155.0
여,54,153.0
여,56,156.0
여,57,149.0
여,27,154.0
여,63,147.0
여,57,165.0
여,40,156.0
여,41,155.0
여,59,159.0
여,33,160.0
여,48,152.0
여,61,151.0
여,60,150.0
여,56,160.0
여,29,170.0
여,17,164.0
여,39,160.0
여,38,158.0
여,64,146.0
여,35,163.0
여,44,154.0
여,61,153.0
여,43,166.0
여,35,162.0
여,22,162.0
여,47,156.0
여,43,158.0
여,60,157.0
여,51,153.0
여,43,155.0
여,48,156.0
여,20,167.0
여,55,147.0
여,66,157.0
여,20,173.0
여,52,157.0
여,54,149.0
여,55,152.0
여,54,157.0
여,55,147.0
여,55,152.0
여,60,149.0
여,46,156.0
여,45,154.0
여,65,148.0
여,34,157.0
여,42,162.0
여,34,163.0
여,62,153.0
여,36,164.0
여,40,160.0
여,33,167.0
여,40,155.0
여,36,163.0
여,37,166.0
여,61,150.0
여,34,162.0
여,53,150.0
여,65,161.0
여,39,160.0
여,61,151.0
여,59,151.0
여,45,163.0
여,56,156.0
여,30,161.0
여,50,155.0
여,48,149.0
여,44,162.0
여,41,155.0
여,64,161.0
여,29,150.0
여,41,166.0
여,20,162.0
여,20,160.0
여,67,152.0
여,55,143.0
여,63,148.0
여,68,144.0
여,60,158.0
여,16,161.0
여,21,161.0
여,48,159.0
여,20,168.0
여,21,161.0
여,20,151.0
여,20,165.0
여,44,160.0
여,20,169.0
여,59,160.0
여,63,157.0
여,59,149.0
여,55,148.0
여,60,150.0
여,61,157.0
여,27,168.0
여,34,154.0
남,68,156.0
남,59,160.0
남,44,174.0
남,64,166.0
남,56,158.0
남,23,186.0
남,23,180.0
남,23,173.0
남,20,160.0
남,45,164.0
남,17,166.0
남,17,172.0
남,53,169.0
남,63,167.0
남,62,164.0
남,68,160.0
남,69,158.0
남,60,163.0
남,56,179.0
남,62,169.0
남,44,162.0
남,61,169.0
남,57,161.0
남,19,181.0
남,19,182.0
남,34,167.0
남,36,170.0
남,19,177.0
남,19,174.0
남,49,169.0
남,59,166.0
남,18,175.0
남,61,167.0
남,17,170.0
남,18,172.0
남,46,171.0
남,22,169.0
남,22,169.0
남,20,182.0
남,18,171.0
남,35,171.0
남,55,169.0
남,25,172.0
남,22,170.0
남,21,178.0
남,61,176.0
남,56,167.0
남,16,177.0
남,23,176.0
남,23,175.0
남,36,172.0
남,32,174.0
남,22,174.0
남,22,172.0
남,21,183.0
남,33,172.0
남,23,171.0
남,22,167.0
남,69,167.0
남,67,168.0
남,16,171.0
남,22,180.0
남,24,166.0
남,64,169.0
남,35,171.0
남,41,169.0
남,35,180.0
남,69,172.0
남,41,177.0
남,41,175.0
남,20,180.0
남,16,171.0
남,47,168.0
남,51,166.0
남,67,169.0
남,17,178.0
남,66,163.0
남,17,182.0
남,16,181.0
남,37,171.0
남,23,169.0
남,50,168.0
남,69,168.0
남,43,177.0
남,66,166.0
남,23,178.0
남,33,181.0
남,57,156.0
남,22,173.0
남,22,178.0
남,69,167.0
남,63,164.0
남,47,185.0
남,43,168.0
남,24,157.0
남,22,173.0
남,23,182.0
남,38,162.0
남,26,171.0
남,32,168.0
남,19,181.0
남,43,180.0
남,34,171.0
남,32,170.0
남,55,175.0
남,23,173.0
남,54,161.0
남,29,173.0
남,43,164.0
남,42,177.0
남,22,173.0
남,17,168.0
남,17,172.0
여,69,145.0
여,61,145.0
여,67,152.0
여,44,159.0
여,44,161.0
여,20,161.0
여,22,166.0
여,48,160.0
여,66,151.0
여,60,152.0
여,67,158.0
여,57,140.0
여,64,156.0
여,42,165.0
여,65,153.0
여,68,158.0
여,48,157.0
여,62,151.0
여,51,159.0
여,63,158.0
여,53,159.0
여,32,166.0
여,40,164.0
여,45,154.0
여,45,154.0
여,42,154.0
여,16,164.0
여,33,162.0
여,17,163.0
여,24,157.0
여,16,161.0
여,68,151.0
여,65,149.0
여,66,147.0
여,19,166.0
여,17,159.0
여,44,152.0
여,48,153.0
여,22,169.0
여,57,160.0
여,34,153.0
여,42,159.0
여,63,149.0
여,39,162.0
여,38,162.0
여,41,159.0
여,41,163.0
여,42,160.0
여,44,162.0
여,41,149.0
여,47,154.0
여,16,159.0
여,46,157.0
여,33,161.0
여,41,172.0
여,18,169.0
여,26,158.0
여,19,156.0
여,19,159.0
여,48,168.0
여,47,159.0
여,37,153.0
여,17,156.0
여,17,162.0
여,46,156.0
여,66,147.0
여,45,158.0
여,67,153.0
여,46,156.0
여,55,152.0
여,38,160.0
여,27,152.0
여,36,153.0
여,18,157.0
여,18,150.0
여,18,159.0
여,63,159.0
여,33,153.0
여,46,163.0
여,21,169.0
여,21,170.0
여,20,171.0
여,21,156.0
여,34,161.0
여,22,163.0
여,49,152.0
여,67,151.0
여,18,162.0
여,18,161.0
여,21,163.0
여,60,154.0
여,17,152.0
여,17,160.0
여,20,158.0
여,18,156.0
여,18,166.0
여,57,160.0
여,53,155.0
여,37,158.0
여,36,160.0
여,17,164.0
여,32,161.0
여,67,151.0
여,16,153.0
여,16,160.0
여,47,155.0
여,30,152.0
여,31,160.0
여,25,168.0
여,48,156.0
여,19,163.0
여,23,162.0
여,35,157.0
여,48,156.0
여,18,160.0
여,20,158.0
여,46,150.0
여,36,168.0
여,50,155.0
여,19,160.0
여,41,152.0
여,18,154.0
여,18,157.0
여,38,151.0
여,43,164.0
여,18,175.0
여,18,154.0
여,17,157.0
여,17,169.0
여,69,155.0
여,24,164.0
남,42,176.0
남,42,160.0
남,16,178.0
남,18,167.0
남,17,163.0
남,19,179.0
남,17,172.0
남,19,176.0
남,61,168.0
남,41,174.0
남,46,169.0
남,45,164.0
남,17,176.0
남,18,174.0
남,34,172.0
남,42,165.0
남,18,171.0
남,18,170.0
남,18,164.0
남,18,160.0
남,25,170.0
남,18,166.0
남,38,180.0
남,42,165.0
남,16,169.0
남,16,171.0
남,17,171.0
남,18,169.0
남,18,182.0
남,21,170.0
남,19,178.0
남,17,172.0
남,26,181.0
남,53,170.0
남,53,164.0
남,25,167.0
남,16,173.0
남,18,167.0
남,18,167.0
남,26,173.0
남,56,174.0
남,48,173.0
남,23,172.0
남,24,175.0
남,53,161.0
남,20,169.0
남,18,180.0
남,17,173.0
남,28,166.0
남,23,178.0
남,29,174.0
남,18,174.0
남,18,172.0
남,18,182.0
남,54,172.0
남,45,167.0
남,24,172.0
남,24,175.0
남,69,165.0
남,37,170.0
남,18,169.0
남,24,175.0
남,17,175.0
남,32,175.0
남,60,168.0
남,18,177.0
남,18,164.0
남,18,171.0
남,47,165.0
남,47,179.0
남,19,173.0
남,19,169.0
남,19,172.0
남,48,170.0
남,39,166.0
남,30,172.0
남,17,173.0
남,17,176.0
남,49,167.0
남,45,163.0
남,44,167.0
남,44,175.0
남,26,167.0
남,55,167.0
남,37,174.0
남,42,171.0
남,19,181.0
남,34,172.0
남,51,166.0
남,21,175.0
남,32,174.0
남,47,165.0
남,66,165.0
남,45,178.0
남,50,158.0
남,59,173.0
남,40,174.0
남,63,168.0
남,34,168.0
남,34,171.0
남,18,171.0
남,27,170.0
남,47,178.0
남,19,178.0
남,18,174.0
남,18,171.0
남,25,180.0
남,36,169.0
남,19,170.0
남,18,173.0
남,31,172.0
여,20,157.0
여,18,162.0
여,24,157.0
여,18,159.0
여,18,154.0
여,18,157.0
여,17,154.0
여,17,160.0
여,32,165.0
여,21,160.0
여,61,147.0
여,54,158.0
여,43,145.0
여,18,165.0
여,17,166.0
여,25,160.0
여,31,155.0
여,21,161.0
여,37,161.0
여,21,150.0
여,18,158.0
여,18,161.0
여,49,159.0
여,34,150.0
여,30,169.0
여,17,159.0
여,24,163.0
여,20,161.0
여,20,153.0
여,21,158.0
여,18,158.0
여,17,165.0
여,19,157.0
여,42,165.0
여,41,154.0
여,27,166.0
여,66,145.0
여,17,154.0
여,18,161.0
여,18,155.0
여,18,155.0
여,18,164.0
여,34,160.0
여,20,158.0
여,20,154.0
여,26,159.0
여,26,160.0
여,17,161.0
여,16,164.0
여,22,163.0
여,20,160.0
여,19,160.0
여,18,166.0
여,18,152.0
여,18,159.0
여,21,165.0
여,17,172.0
여,16,152.0
여,17,162.0
여,18,159.0
여,18,156.0
여,18,157.0
여,23,171.0
여,16,156.0
여,25,163.0
여,20,163.0
여,20,163.0
여,20,154.0
여,21,166.0
여,19,168.0
여,16,165.0
여,16,168.0
여,18,150.0
여,17,160.0
여,20,163.0
여,18,157.0
여,20,171.0
여,20,170.0
여,25,164.0
여,16,165.0
여,16,168.0
여,16,160.0
여,16,160.0
여,21,160.0
여,19,159.0
여,20,162.0
여,24,172.0
남,26,175.0
남,37,167.0
남,53,172.0
남,50,173.0
남,16,164.0
남,16,171.0
남,16,172.0
남,26,174.0
남,43,169.0
남,16,178.0
남,18,176.0
남,19,175.0
남,23,167.0
남,16,165.0
남,16,170.0
남,42,172.0
남,18,173.0
남,17,174.0
남,18,163.0
남,18,180.0
남,18,171.0
남,17,172.0
남,64,161.0
남,18,169.0
남,18,168.0
남,19,173.0
남,26,167.0
남,49,169.0
남,17,171.0
남,17,176.0
남,16,170.0
남,17,167.0
남,26,170.0
남,39,177.0
남,18,173.0
남,60,174.0
남,63,163.0
남,19,161.0
남,19,175.0
남,18,170.0
남,42,171.0
남,19,173.0
남,61,167.0
남,32,182.0
남,19,168.0
남,55,176.0
남,19,167.0
남,19,184.0
남,25,172.0
남,16,172.0
남,17,165.0
남,16,171.0
남,16,170.0
남,17,177.0
남,17,182.0
남,26,176.0
남,17,180.0
남,17,167.0
남,47,163.0
여,20,165.0
여,24,160.0
여,35,168.0
여,30,175.0
여,25,164.0
여,34,163.0
여,60,151.0
여,23,164.0
여,16,164.0
여,27,157.0
여,24,154.0
여,65,148.0
여,27,160.0
여,28,163.0
여,45,163.0
여,55,154.0
여,27,159.0
여,22,165.0
여,62,149.0
여,57,156.0
여,54,159.0
여,17,165.0
여,17,172.0
여,19,163.0
여,18,172.0
여,62,160.0
여,20,159.0
여,61,151.0
여,22,163.0
여,20,156.0
여,30,166.0
여,22,158.0
남,61,174.0
남,62,175.0
남,50,173.0
남,33,171.0
남,43,171.0
남,33,169.0
남,45,172.0
남,25,182.0
남,26,173.0
남,40,170.0
남,32,175.0
남,28,178.0
남,25,170.0
남,45,170.0
남,19,181.0
남,38,172.0
남,26,171.0
남,35,183.0
남,46,162.0
남,25,163.0
남,57,161.0
남,27,178.0
남,19,172.0
남,53,173.0
남,55,169.0
남,45,178.0
남,58,178.0
남,68,168.0
남,37,
남,28,177.0
남,25,187.0
남,46,168.0
남,57,169.0
남,19,167.0
남,31,176.0
남,42,175.0
남,48,179.0
남,27,171.0
남,51,171.0
남,62,171.0
남,45,174.0
남,52,163.0
남,19,179.0
남,19,166.0
남,19,175.0
남,19,169.0
여,62,157.0
여,19,150.0
여,51,152.0
여,65,155.0
여,53,154.0
여,59,153.0
여,22,159.0
여,21,162.0
여,16,166.0
여,26,164.0
여,23,164.0
여,47,156.0
여,21,156.0
여,24,164.0
여,57,161.0
여,57,156.0
여,19,164.0
여,69,152.0
여,42,162.0
여,38,156.0
여,41,164.0
여,44,170.0
여,16,161.0
여,16,161.0
여,31,166.0
여,20,167.0
여,20,166.0
여,20,167.0
여,27,158.0
여,21,172.0
여,38,157.0
여,20,164.0
여,19,161.0
여,20,158.0
여,22,176.0
여,44,156.0
여,25,159.0
여,54,148.0
여,43,158.0
여,22,169.0
여,57,155.0
여,26,165.0
여,57,157.0
여,53,155.0
여,58,151.0
여,19,165.0
여,26,154.0
여,22,158.0
여,16,157.0
여,16,162.0
여,50,152.0
여,16,164.0
여,19,151.0
여,24,160.0
여,47,159.0
여,23,165.0
여,46,154.0
여,21,174.0
여,21,158.0
여,19,161.0
여,26,172.0
여,56,156.0
여,20,158.0
여,38,160.0
여,16,154.0
여,25,168.0
여,42,161.0
여,60,153.0
여,32,155.0
여,23,151.0
여,26,161.0
여,25,168.0
여,47,157.0
여,32,156.0
여,21,167.0
여,33,166.0
여,36,170.0
여,47,152.0
여,47,154.0
여,45,171.0
여,44,162.0
여,57,153.0
여,25,163.0
여,42,161.0
여,16,165.0
여,40,156.0
여,20,162.0
여,19,166.0
여,20,165.0
여,49,153.0
여,46,156.0
여,41,161.0
여,47,157.0
남,39,177.0
남,66,154.0
남,41,170.0
남,56,165.0
남,43,155.0
남,46,172.0
남,40,174.0
남,58,159.0
남,22,163.0
남,24,172.0
남,49,174.0
남,18,182.0
남,22,174.0
남,25,187.0
남,23,183.0
남,18,179.0
남,38,180.0
남,24,184.0
남,59,163.0
여,56,156.0
여,51,161.0
여,52,166.0
여,50,164.0
여,46,157.0
여,57,152.0
여,52,158.0
남,69,171.0
남,35,176.0
남,26,175.0
남,19,168.0
남,55,174.0
남,25,178.0
남,25,172.0
남,24,177.0
남,38,175.0
남,34,179.0
남,19,178.0
남,34,176.0
남,33,172.0
남,28,179.0
남,64,168.0
남,28,176.0
남,24,180.0
남,17,166.0
남,54,163.0
남,17,174.0
남,18,180.0
남,17,176.0
여,39,153.0
남,39,167.0
남,58,166.0
남,27,182.0
남,30,178.0
남,26,178.0
남,20,173.0
남,20,176.0
여,46,151.0
여,37,159.0
여,57,159.0
여,16,163.0
여,59,151.0
여,23,162.0
여,23,147.0
여,27,160.0
여,61,157.0
여,23,166.0
여,37,158.0
여,54,165.0
여,34,161.0
여,61,150.0
여,55,173.0
여,25,161.0
여,43,159.0
여,19,156.0
여,28,152.0
여,27,162.0
여,36,161.0
여,54,161.0
여,48,157.0
여,27,163.0
여,57,157.0
여,44,160.0
여,22,165.0
여,28,157.0
여,56,155.0
여,50,158.0
여,49,156.0
여,42,151.0
여,24,158.0
여,59,150.0
남,66,163.0
남,53,160.0
남,58,160.0
남,34,179.0
남,48,168.0
남,48,158.0
남,56,164.0
남,38,170.0
남,35,173.0
남,32,175.0
남,23,175.0
남,30,165.0
남,30,175.0
남,32,171.0
남,58,169.0
남,59,172.0
남,19,168.0
여,20,159.0
여,19,162.0
여,36,147.0
여,57,152.0
여,35,163.0
여,38,162.0
여,39,162.0
여,40,154.0
여,25,160.0
여,33,164.0
여,24,157.0
여,37,160.0
여,44,165.0
여,29,169.0
여,46,154.0
여,24,164.0
여,35,152.0
여,43,161.0
여,23,157.0
여,20,167.0
여,24,165.0
여,19,156.0
여,26,162.0
여,24,164.0
여,37,162.0
여,21,163.0
여,18,161.0
여,32,164.0
여,32,163.0
여,19,161.0
여,20,162.0
여,27,163.0
여,56,162.0
여,53,158.0
여,51,154.0
여,19,158.0
여,29,156.0
여,23,158.0
여,21,165.0
여,33,161.0
여,19,163.0
여,37,149.0
여,36,167.0
여,51,156.0
여,18,166.0
여,49,152.0
여,27,166.0
여,19,153.0
여,28,160.0
여,19,161.0
여,26,159.0
여,34,164.0
여,23,160.0
여,18,158.0
여,25,170.0
여,19,162.0
여,19,158.0
여,29,155.0
여,25,158.0
여,21,157.0
남,23,184.0
남,24,173.0
남,24,178.0
남,34,180.0
남,47,165.0
남,42,163.0
남,30,173.0
남,26,171.0
남,47,164.0
남,39,167.0
남,27,171.0
남,29,177.0
남,27,168.0
남,21,178.0
남,25,171.0
남,29,165.0
남,26,174.0
남,30,173.0
남,35,166.0
남,25,175.0
남,50,181.0
남,44,174.0
남,26,171.0
남,31,184.0
남,30,173.0
남,19,183.0
남,24,164.0
남,35,170.0
남,33,168.0
남,30,170.0
남,25,171.0
남,19,177.0
남,26,183.0
남,33,177.0
남,25,169.0
남,27,190.0
남,26,173.0
남,41,175.0
남,23,177.0
남,30,182.0
남,19,177.0
남,19,173.0
남,19,173.0
남,22,176.0
남,22,177.0
남,25,180.0
남,24,173.0
남,56,175.0
남,58,171.0
남,18,181.0
남,18,177.0
남,18,172.0
남,18,171.0
남,18,168.0
남,18,172.0
남,22,163.0
남,18,179.0
남,18,177.0
남,18,172.0
남,18,169.0
남,32,172.0
남,47,174.0
남,51,169.0
남,19,171.0
남,19,168.0
남,19,174.0
남,29,172.0
남,19,175.0
남,45,166.0
남,27,170.0
남,27,170.0
남,38,185.0
남,34,179.0
남,38,180.0
남,40,179.0
여,23,166.0
남,52,163.0
남,33,177.0
남,52,172.0
여,21,162.0
여,22,162.0
여,19,165.0
여,33,162.0
여,24,154.0
여,33,156.0
여,19,156.0
여,19,155.0
여,27,159.0
여,40,164.0
여,27,155.0
여,26,161.0
여,40,164.0
여,25,163.0
여,28,162.0
여,37,165.0
여,27,160.0
여,25,160.0
여,41,161.0
여,27,163.0
여,26,160.0
여,28,159.0
여,39,164.0
여,25,160.0
여,29,166.0
여,25,167.0
여,25,161.0
여,28,152.0
여,26,161.0
여,28,166.0
여,25,154.0
여,18,162.0
여,19,159.0
여,23,161.0
여,25,156.0
여,31,156.0
여,19,154.0
여,19,160.0
여,23,158.0
여,25,157.0
여,26,159.0
여,32,172.0
여,29,150.0
여,27,165.0
남,27,184.0
남,18,168.0
남,40,173.0
남,33,177.0
남,31,181.0
남,19,177.0
남,26,169.0
남,59,170.0
남,27,173.0
남,24,182.0
남,28,182.0
남,25,170.0
남,31,162.0
남,25,173.0
남,19,176.0
남,27,174.0
남,27,172.0
남,24,172.0
남,24,173.0
남,44,163.0
남,22,176.0
남,21,179.0
남,25,174.0
남,22,176.0
남,26,178.0
남,28,168.0
남,23,172.0
남,32,169.0
여,23,165.0
여,26,165.0
여,22,155.0
여,19,163.0
여,26,151.0
여,29,160.0
여,31,162.0
여,31,156.0
여,59,156.0
여,21,162.0
여,29,164.0
여,58,152.0
여,52,162.0
여,35,165.0
여,50,158.0
여,42,160.0
여,25,162.0
여,28,163.0
여,26,156.0
여,34,159.0
여,35,156.0
여,27,163.0
여,23,160.0
여,30,157.0
여,39,160.0
여,25,155.0
여,30,165.0
여,30,167.0
여,27,161.0
여,20,159.0
여,32,152.0
여,25,160.0
여,26,165.0
여,27,163.0
여,32,161.0
여,38,159.0
여,28,165.0
여,25,162.0
여,38,165.0
여,41,159.0
여,34,167.0
여,45,160.0
여,45,159.0
여,26,161.0
여,26,155.0
여,34,161.0
여,26,160.0
여,26,154.0
여,25,155.0
여,27,161.0
여,32,155.0
여,32,160.0
여,19,158.0
남,27,171.0
남,32,171.0
남,33,178.0
남,36,175.0
남,26,174.0
남,39,173.0
남,34,169.0
남,33,173.0
남,39,180.0
남,38,167.0
남,29,176.0
남,26,173.0
남,24,168.0
남,24,171.0
남,30,172.0
남,26,172.0
남,50,163.0
남,52,167.0
남,26,178.0
남,47,165.0
남,30,177.0
남,26,174.0
남,46,161.0
남,51,162.0
남,31,182.0
남,35,166.0
남,29,167.0
남,31,168.0
남,31,171.0
남,33,175.0
남,40,178.0
남,22,178.0
남,22,169.0
남,34,169.0
남,30,169.0
남,29,173.0
남,28,184.0
남,31,176.0
여,18,166.0
여,18,159.0
여,18,155.0
여,18,164.0
여,18,159.0
여,18,156.0
여,18,156.0
여,18,167.0
여,18,168.0
여,18,164.0
여,18,159.0
여,18,153.0
여,18,148.0
여,18,170.0
여,18,148.0
여,18,163.0
여,18,162.0
여,18,159.0
여,16,161.0
여,16,163.0
여,16,157.0
여,16,155.0
여,16,157.0
여,17,156.0
여,16,159.0
여,16,168.0
여,18,146.0
남,18,164.0
여,17,156.0
여,16,156.0
여,16,165.0
여,16,159.0
여,16,152.0
여,17,160.0
여,16,167.0
남,18,179.0
남,18,178.0
남,18,167.0
남,18,176.0
남,18,171.0
남,18,167.0
남,18,172.0
남,18,173.0
남,18,167.0
남,18,174.0
남,18,172.0
남,18,179.0
남,18,166.0
남,18,165.0
남,16,162.0
남,16,190.0
남,16,177.0
남,16,173.0
남,16,179.0
남,16,164.0
남,17,180.0
남,17,173.0
남,17,169.0
남,18,168.0
남,17,175.0
남,17,166.0
남,17,171.0
남,17,169.0
여,18,159.0
여,18,158.0
여,18,156.0
여,18,156.0
여,18,165.0
여,18,162.0
여,19,156.0
여,18,153.0
여,18,149.0
여,18,163.0
여,18,153.0
여,18,158.0
여,18,158.0
여,18,154.0
여,18,159.0
여,18,147.0
여,18,160.0
여,18,163.0
여,18,161.0
여,16,159.0
여,16,154.0
여,16,159.0
여,16,164.0
여,16,157.0
여,16,160.0
여,16,164.0
남,17,165.0
남,17,172.0
남,17,175.0
남,17,174.0
남,18,158.0
남,18,172.0
남,18,166.0
남,18,173.0
남,18,173.0
남,17,172.0
남,18,171.0
남,18,167.0
남,18,169.0
남,18,175.0
남,17,174.0
남,17,171.0
남,17,168.0
남,17,169.0
남,17,169.0
남,17,173.0
남,17,177.0
남,18,171.0
남,18,180.0
남,18,180.0
남,18,179.0
남,18,179.0
남,18,171.0
남,19,181.0
여,19,158.0
남,18,170.0
남,18,173.0
남,18,190.0
남,18,170.0
남,18,168.0
여,19,162.0
여,19,157.0
여,21,160.0
여,20,156.0
여,19,162.0
여,19,156.0
여,19,163.0
여,20,156.0
여,19,171.0
여,19,156.0
여,20,165.0
여,19,152.0
여,22,165.0
여,20,158.0
여,20,151.0
여,20,155.0
여,22,159.0
여,29,152.0
여,21,152.0
여,19,152.0
여,20,165.0
여,22,153.0
여,19,158.0
여,19,172.0
여,29,164.0
여,20,158.0
여,20,162.0
남,47,165.0
남,23,176.0
남,20,174.0
남,19,178.0
남,23,182.0
남,22,170.0
남,19,167.0
남,27,175.0
남,20,175.0
남,19,186.0
남,20,177.0
남,20,177.0
남,19,172.0
남,19,179.0
남,23,170.0
남,19,181.0
남,19,168.0
남,19,172.0
남,20,165.0
남,23,173.0
남,24,178.0
남,24,185.0
남,22,171.0
남,22,175.0
남,22,169.0
남,23,176.0
남,22,171.0
남,22,168.0
남,19,174.0
남,23,179.0
남,23,175.0
남,23,183.0
남,23,173.0
남,22,166.0
남,22,171.0
남,22,180.0
남,23,171.0
남,23,167.0
남,22,178.0
남,23,182.0
남,23,172.0
남,23,172.0
남,23,177.0
남,23,187.0
남,23,168.0
남,23,178.0
남,23,169.0
남,22,169.0
남,23,162.0
남,20,174.0
남,19,175.0
남,19,173.0
남,20,174.0
남,19,175.0
남,24,176.0
남,22,166.0
남,22,171.0
남,18,167.0
남,19,175.0
남,24,178.0
남,19,169.0
남,29,179.0
남,24,180.0
남,19,168.0
남,27,181.0
남,27,176.0
남,29,172.0
남,25,174.0
남,19,165.0
남,19,173.0
남,22,164.0
남,19,171.0
남,24,176.0
남,23,168.0
남,19,174.0
남,22,168.0
남,22,174.0
남,22,178.0
남,19,169.0
남,22,175.0
남,24,177.0
남,20,165.0
남,19,172.0
여,19,158.0
여,20,165.0
여,19,163.0
여,19,152.0
여,19,166.0
여,19,168.0
여,20,149.0
여,20,161.0
여,20,164.0
여,19,161.0
여,19,162.0
여,22,159.0
여,37,155.0
여,40,156.0
여,19,158.0
여,19,160.0
여,21,161.0
여,19,161.0
여,19,159.0
여,19,158.0
여,19,161.0
여,22,152.0
여,23,157.0
여,19,162.0
여,21,162.0
여,20,162.0
여,20,166.0
여,20,168.0
여,19,161.0
여,19,165.0
여,20,167.0
여,19,154.0
여,20,166.0
여,20,161.0
남,19,176.0
남,19,173.0
여,20,164.0
여,19,156.0
여,19,168.0
여,20,164.0
여,20,151.0
여,19,159.0
여,19,162.0
여,19,154.0
여,19,156.0
여,19,161.0
여,34,158.0
여,22,159.0
여,23,160.0
여,25,164.0
여,21,161.0
여,34,160.0
여,19,166.0
여,21,161.0
여,21,164.0
여,36,167.0
여,36,164.0
여,31,163.0
여,36,164.0
여,34,171.0
여,37,165.0
여,20,160.0
여,20,158.0
여,19,157.0
여,33,161.0
여,34,158.0
여,32,163.0
여,19,165.0
여,19,164.0
여,33,163.0
여,20,161.0
여,20,159.0
여,36,167.0
여,34,161.0
여,35,168.0
여,19,166.0
여,36,153.0
여,36,171.0
여,20,165.0
여,20,161.0
여,20,161.0
여,20,162.0
여,34,168.0
여,35,155.0
여,31,163.0
여,35,167.0
여,36,163.0
여,36,162.0
여,35,151.0
여,39,161.0
여,24,166.0
여,34,155.0
여,35,156.0
여,31,154.0
여,35,168.0
여,35,166.0
여,34,171.0
여,36,169.0
여,31,157.0
여,19,162.0
여,34,165.0
여,20,167.0
여,19,161.0
여,32,152.0
여,35,163.0
여,20,161.0
여,20,166.0
여,29,163.0
여,19,174.0
여,19,162.0
남,57,164.0
남,37,166.0
남,29,173.0
남,29,179.0
남,19,180.0
남,19,177.0
남,19,177.0
남,19,171.0
남,19,174.0
남,19,173.0
남,57,173.0
남,36,164.0
남,19,179.0
남,39,171.0
남,45,164.0
남,25,177.0
남,25,167.0
남,19,183.0
남,32,176.0
남,33,168.0
남,29,173.0
남,19,171.0
남,47,166.0
남,33,183.0
여,34,160.0
여,33,161.0
여,33,156.0
여,33,166.0
여,34,154.0
여,34,174.0
여,35,165.0
여,33,166.0
여,35,162.0
여,36,166.0
여,35,163.0
여,25,158.0
여,32,160.0
여,32,160.0
여,37,163.0
여,37,159.0
여,39,168.0
여,35,157.0
여,19,157.0
여,19,163.0
여,32,159.0
여,19,161.0
여,20,152.0
여,19,163.0
여,35,147.0
여,19,159.0
여,19,161.0
여,31,172.0
여,31,154.0
여,38,160.0
여,36,159.0
여,36,161.0
여,34,161.0
여,38,146.0
여,39,174.0
여,36,166.0
여,35,165.0
여,23,167.0
여,32,161.0
여,19,166.0
여,35,163.0
여,33,157.0
여,36,162.0
여,33,160.0
여,35,169.0
여,19,168.0
여,19,159.0
여,19,156.0
여,19,161.0
여,23,151.0
여,20,164.0
여,19,162.0
여,19,161.0
여,20,152.0
여,20,161.0
여,20,164.0
여,20,162.0
여,22,163.0
여,19,161.0
여,36,170.0
여,35,169.0
여,19,163.0
여,19,168.0
여,23,163.0
여,21,164.0
여,20,159.0
여,19,155.0
여,22,166.0
여,44,166.0
여,28,164.0
여,27,168.0
여,28,159.0
여,29,163.0
여,37,161.0
여,24,156.0
여,36,159.0
여,39,155.0
여,30,156.0
여,33,164.0
여,33,162.0
여,34,154.0
여,38,163.0
여,37,161.0
여,36,162.0
여,38,162.0
여,39,157.0
여,33,159.0
여,33,160.0
남,55,171.0
남,28,176.0
남,57,171.0
남,60,170.0
남,34,177.0
남,34,167.0
남,60,163.0
남,30,166.0
남,32,174.0
남,47,169.0
남,30,179.0
남,30,168.0
남,42,175.0
남,29,176.0
남,17,173.0
남,30,178.0
남,34,164.0
남,55,162.0
남,35,168.0
남,28,176.0
남,55,161.0
남,29,176.0
남,27,176.0
남,42,179.0
남,40,172.0
남,53,172.0
남,38,170.0
남,55,169.0
남,49,166.0
남,54,167.0
남,36,175.0
남,51,175.0
남,30,167.0
남,23,186.0
남,26,174.0
남,32,174.0
남,29,171.0
남,29,167.0
남,57,170.0
남,42,165.0
남,34,170.0
남,32,178.0
남,26,172.0
남,55,163.0
남,52,181.0
남,62,160.0
남,50,175.0
남,45,173.0
남,34,173.0
남,50,174.0
남,52,167.0
남,43,167.0
남,43,173.0
남,47,174.0
남,47,177.0
남,47,173.0
남,27,177.0
남,55,171.0
남,62,165.0
남,46,168.0
남,55,171.0
남,48,168.0
남,58,173.0
남,47,174.0
남,28,168.0
남,38,184.0
남,49,166.0
남,35,176.0
남,57,182.0
남,56,177.0
남,54,172.0
여,39,169.0
여,39,156.0
여,34,157.0
여,25,160.0
여,20,155.0
여,38,157.0
여,29,167.0
여,20,152.0
여,24,154.0
여,34,158.0
여,37,161.0
여,29,156.0
여,39,165.0
여,27,170.0
여,29,155.0
여,31,156.0
여,32,161.0
여,35,163.0
여,38,170.0
여,35,152.0
여,26,157.0
여,26,159.0
여,35,165.0
여,32,152.0
여,35,163.0
여,34,156.0
여,38,166.0
여,32,154.0
여,30,153.0
여,18,158.0
여,36,161.0
여,31,174.0
여,28,167.0
여,37,161.0
여,35,163.0
여,33,161.0
여,36,155.0
여,23,166.0
여,28,166.0
여,38,159.0
여,36,160.0
여,36,170.0
여,34,155.0
여,21,159.0
여,19,163.0
여,35,159.0
남,34,168.0
여,34,165.0
여,32,151.0
여,35,166.0
여,36,164.0
여,19,156.0
여,19,157.0
여,35,161.0
여,34,161.0
여,35,158.0
여,34,154.0
여,34,162.0
여,32,154.0
여,37,162.0
여,31,164.0
여,36,161.0
여,19,164.0
여,37,162.0
여,37,157.0
남,29,178.0
남,34,173.0
남,37,171.0
여,38,162.0
여,30,164.0
여,19,155.0
여,20,161.0
여,19,169.0
남,32,178.0
남,39,178.0
남,37,171.0
여,32,159.0
남,16,170.0
남,16,170.0
남,16,165.0
남,16,177.0
남,16,177.0
남,16,170.0
남,16,179.0
남,16,182.0
남,16,180.0
남,16,164.0
남,16,171.0
남,16,171.0
남,19,173.0
남,18,182.0
남,18,178.0
남,18,184.0
남,18,179.0
남,18,175.0
남,18,164.0
남,18,170.0
남,18,173.0
남,18,180.0
남,18,178.0
남,18,177.0
남,33,171.0
남,16,172.0
남,16,165.0
남,16,170.0
남,16,174.0
남,16,165.0
남,16,173.0
여,17,159.0
남,35,170.0
남,58,165.0
남,33,171.0
남,54,164.0
남,41,178.0
남,17,170.0
남,16,174.0
남,16,169.0
남,16,176.0
남,16,176.0
남,16,171.0
남,17,166.0
남,17,172.0
남,17,173.0
남,17,170.0
남,17,166.0
남,17,175.0
남,17,172.0
남,17,177.0
남,17,178.0
남,17,161.0
남,17,179.0
남,17,165.0
남,17,178.0
여,17,161.0
여,17,158.0
여,17,159.0
여,17,162.0
여,17,149.0
여,17,150.0
여,17,155.0
여,18,159.0
여,17,166.0
여,17,163.0
여,17,161.0
여,17,157.0
여,18,161.0
여,18,161.0
여,17,153.0
여,18,158.0
여,18,165.0
여,17,158.0
여,20,153.0
여,17,154.0
여,17,157.0
여,17,161.0
여,17,162.0
여,17,160.0
여,17,151.0
여,17,158.0
여,18,164.0
여,17,157.0
여,17,158.0
여,16,160.0
여,16,166.0
여,17,160.0
여,16,160.0
여,16,154.0
여,16,164.0
여,16,162.0
여,16,158.0
여,16,150.0
여,16,161.0
여,16,162.0
여,16,155.0
여,16,157.0
여,16,161.0
여,16,163.0
여,16,158.0
여,17,156.0
여,17,160.0
여,17,163.0
여,17,176.0
여,17,150.0
여,17,157.0
여,17,165.0
여,18,167.0
여,17,159.0
여,18,162.0
여,18,160.0
여,18,164.0
여,18,155.0
여,18,163.0
여,18,157.0
여,18,158.0
여,18,173.0
여,18,166.0
여,18,164.0
여,18,148.0
여,19,161.0
여,17,164.0
여,17,158.0
여,18,162.0
여,17,168.0
여,17,163.0
여,16,157.0
여,16,162.0
여,17,158.0
여,16,169.0
여,16,163.0
여,16,155.0
여,16,155.0
여,16,161.0
여,16,170.0
여,16,168.0
여,19,157.0
여,18,161.0
여,18,157.0
여,18,154.0
여,18,156.0
여,18,169.0
남,17,173.0
남,17,171.0
남,17,183.0
남,18,161.0
남,18,177.0
남,18,170.0
남,17,166.0
남,17,172.0
남,18,167.0
남,17,168.0
남,17,184.0
남,18,171.0
남,18,166.0
남,17,169.0
남,17,183.0
남,18,171.0
남,18,177.0
남,17,170.0
남,17,184.0
남,17,171.0
남,17,165.0
남,17,177.0
남,17,167.0
남,18,168.0
남,17,166.0
남,18,169.0
남,18,168.0
남,17,180.0
남,17,170.0
남,17,168.0
남,17,172.0
남,17,171.0
남,18,175.0
남,17,171.0
남,17,174.0
남,16,178.0
남,16,173.0
남,16,180.0
남,16,176.0
남,16,162.0
남,16,175.0
남,16,163.0
남,16,165.0
남,16,171.0
남,16,175.0
남,16,165.0
남,16,170.0
남,16,167.0
남,16,174.0
남,17,170.0
남,17,179.0
남,16,170.0
남,16,181.0
남,16,168.0
여,16,161.0
여,17,158.0
여,17,167.0
여,16,163.0
여,17,157.0
여,16,156.0
여,16,157.0
여,16,162.0
여,17,158.0
여,16,158.0
여,16,156.0
여,16,163.0
여,16,164.0
여,16,160.0
여,17,156.0
여,16,148.0
여,16,159.0
여,16,162.0
여,16,151.0
여,16,159.0
여,16,153.0
여,16,160.0
여,16,162.0
여,16,158.0
여,16,161.0
여,16,159.0
남,16,184.0
남,17,168.0
남,16,173.0
남,16,176.0
남,16,179.0
남,17,168.0
남,16,185.0
남,16,167.0
남,16,165.0
여,17,154.0
여,17,165.0
여,17,163.0
여,17,158.0
여,17,160.0
여,17,164.0
여,18,156.0
여,17,166.0
여,18,156.0
여,17,161.0
여,17,158.0
여,17,162.0
여,16,160.0
여,16,163.0
여,16,160.0
여,16,157.0
여,16,160.0
여,16,163.0
여,16,168.0
여,16,165.0
여,33,159.0
여,16,154.0
여,29,167.0
여,35,163.0
여,32,164.0
여,34,167.0
여,32,157.0
여,19,159.0
여,38,155.0
여,19,163.0
여,19,156.0
여,27,159.0
여,33,158.0
여,29,156.0
남,29,171.0
남,35,174.0
남,25,172.0
여,19,166.0
남,21,169.0
남,20,176.0
남,21,173.0
남,22,178.0
남,20,175.0
남,20,170.0
남,28,175.0
남,32,175.0
남,22,171.0
남,21,173.0
남,21,172.0
남,20,178.0
남,23,182.0
남,20,164.0
남,22,173.0
남,21,182.0
남,21,173.0
남,20,174.0
남,20,170.0
남,20,177.0
남,21,174.0
남,28,176.0
남,28,162.0
남,20,166.0
남,20,171.0
남,28,167.0
남,20,185.0
남,21,172.0
남,41,171.0
남,23,175.0
남,22,174.0
남,35,174.0
남,21,177.0
남,25,180.0
남,23,178.0
남,22,171.0
남,21,175.0
남,41,174.0
남,41,177.0
남,36,168.0
남,39,172.0
남,38,175.0
남,28,173.0
남,52,174.0
남,25,171.0
남,34,167.0
남,53,175.0
남,39,175.0
남,33,171.0
남,30,170.0
남,33,178.0
남,30,174.0
남,39,176.0
남,25,180.0
남,35,176.0
남,30,179.0
남,28,179.0
남,36,178.0
남,28,170.0
남,21,172.0
남,35,175.0
남,28,170.0
남,25,166.0
남,35,177.0
남,35,177.0
남,29,173.0
남,39,167.0
남,26,176.0
남,48,170.0
남,32,174.0
남,30,168.0
남,32,165.0
남,37,179.0
남,30,188.0
남,31,162.0
남,35,165.0
남,34,168.0
남,20,166.0
남,20,173.0
남,25,171.0
남,22,174.0
남,20,180.0
남,20,171.0
남,20,171.0
남,20,179.0
남,20,183.0
남,20,175.0
남,20,168.0
남,19,180.0
남,20,177.0
남,20,178.0
남,20,173.0
남,20,174.0
남,20,173.0
남,20,174.0
남,20,174.0
남,19,174.0
남,19,170.0
남,20,172.0
남,31,182.0
남,24,169.0
남,24,176.0
남,20,171.0
남,20,169.0
남,20,173.0
남,19,175.0
남,20,172.0
남,20,169.0
남,20,181.0
남,20,173.0
남,20,172.0
남,20,170.0
남,20,173.0
남,19,170.0
남,20,171.0
남,20,175.0
남,20,167.0
남,19,171.0
남,19,167.0
남,20,175.0
남,20,171.0
남,20,182.0
남,20,166.0
남,20,175.0
남,20,174.0
남,20,165.0
남,20,176.0
남,20,163.0
남,19,174.0
남,20,172.0
남,19,180.0
남,23,186.0
남,21,172.0
남,22,184.0
남,21,170.0
남,21,182.0
남,20,171.0
남,19,172.0
남,19,174.0
남,20,170.0
남,20,175.0
남,19,177.0
남,20,169.0
남,20,178.0
남,20,179.0
남,20,168.0
남,19,181.0
남,20,186.0
남,20,170.0
남,20,168.0
남,20,169.0
남,20,166.0
남,20,182.0
남,20,176.0
남,20,168.0
남,20,170.0
남,20,170.0
남,20,185.0
남,20,168.0
남,20,173.0
남,20,159.0
남,20,176.0
남,19,161.0
남,20,176.0
남,20,173.0
남,20,178.0
남,20,169.0
남,20,180.0
남,20,186.0
남,20,177.0
남,20,168.0
남,20,166.0
남,35,172.0
남,53,173.0
남,47,171.0
남,30,171.0
남,42,170.0
남,37,178.0
남,43,163.0
남,34,169.0
남,44,167.0
남,35,177.0
남,32,173.0
남,35,175.0
남,40,170.0
남,30,170.0
남,35,170.0
남,20,168.0
남,20,177.0
남,20,177.0
남,21,171.0
남,26,164.0
남,20,175.0
남,25,167.0
남,32,175.0
남,40,166.0
남,43,173.0
남,41,168.0
남,24,179.0
남,32,179.0
남,21,178.0
남,20,176.0
남,51,170.0
남,37,167.0
남,42,173.0
남,32,179.0
남,33,166.0
남,39,164.0
남,38,175.0
남,20,174.0
남,25,177.0
남,25,177.0
남,47,175.0
남,36,164.0
남,32,174.0
남,23,176.0
남,49,178.0
남,25,166.0
남,51,166.0
남,34,170.0
남,34,173.0
남,28,169.0
남,28,165.0
남,32,173.0
남,21,178.0
남,21,165.0
남,20,167.0
남,20,178.0
남,19,173.0
남,29,169.0
남,28,180.0
남,20,174.0
남,31,173.0
남,35,168.0
남,36,171.0
남,50,181.0
남,22,172.0
남,32,174.0
남,26,176.0
남,27,177.0
남,26,177.0
남,22,178.0
남,19,171.0
남,23,176.0
남,20,181.0
남,40,170.0
남,41,168.0
남,34,186.0
남,28,164.0
남,31,180.0
남,34,175.0
남,32,167.0
남,27,176.0
남,39,173.0
남,40,170.0
남,36,183.0
남,20,170.0
남,22,172.0
남,19,172.0
남,19,170.0
남,25,173.0
남,35,181.0
남,53,165.0
남,33,173.0
남,31,182.0
남,31,173.0
남,26,177.0
남,23,178.0
남,49,167.0
남,49,170.0
남,27,183.0
남,27,174.0
남,28,168.0
남,41,172.0
남,33,171.0
남,22,161.0
남,29,175.0
남,21,173.0
남,37,170.0
남,21,183.0
남,21,164.0
남,20,173.0
남,36,178.0
남,49,170.0
남,40,174.0
남,26,175.0
남,37,160.0
남,25,171.0
남,37,170.0
남,21,177.0
남,22,185.0
남,19,171.0
남,20,168.0
남,36,166.0
남,39,173.0
남,21,178.0
남,21,178.0
남,20,173.0
남,22,165.0
남,39,174.0
남,33,168.0
남,42,169.0
남,26,160.0
남,27,160.0
남,28,168.0
남,49,164.0
남,35,167.0
남,29,177.0
남,33,169.0
남,34,168.0
남,23,177.0
남,23,172.0
남,21,164.0
남,21,188.0
남,21,166.0
남,20,182.0
남,21,175.0
남,20,184.0
남,20,173.0
남,22,181.0
남,22,170.0
남,21,164.0
남,52,166.0
남,22,178.0
남,32,172.0
남,25,174.0
남,23,172.0
남,29,181.0
남,30,164.0
남,20,172.0
남,20,173.0
남,20,174.0
남,20,176.0
남,20,162.0
남,21,162.0
남,22,166.0
남,44,171.0
남,42,187.0
남,29,160.0
남,25,178.0
남,24,184.0
남,26,168.0
남,22,175.0
남,21,174.0
남,25,180.0
남,40,163.0
남,30,179.0
남,26,181.0
남,34,179.0
남,25,170.0
남,36,170.0
남,25,170.0
남,41,167.0
남,39,172.0
남,39,172.0
남,20,175.0
남,20,170.0
남,20,160.0
남,42,175.0
남,26,177.0
남,25,174.0
남,25,176.0
남,28,180.0
남,37,166.0
남,34,176.0
남,31,177.0
남,38,174.0
남,28,178.0
남,28,167.0
남,32,178.0
남,42,166.0
남,30,165.0
남,45,170.0
남,40,170.0
남,25,177.0
남,36,171.0
남,27,169.0
남,30,182.0
남,33,179.0
남,37,166.0
남,26,169.0
남,26,166.0
남,25,172.0
남,26,177.0
남,37,174.0
남,36,167.0
남,30,171.0
남,30,181.0
남,37,175.0
남,32,180.0
남,38,175.0
남,43,166.0
남,32,172.0
남,26,175.0
남,36,176.0
남,36,172.0
남,27,179.0
남,20,173.0
남,26,178.0
남,37,174.0
남,34,181.0
남,39,172.0
남,44,170.0
남,30,170.0
남,20,175.0
남,34,167.0
남,37,168.0
남,28,168.0
남,26,162.0
남,42,167.0
남,33,176.0
남,34,169.0
남,31,173.0
남,26,170.0
남,21,177.0
남,42,172.0
남,25,173.0
남,52,162.0
남,39,179.0
남,26,173.0
남,34,182.0
남,30,169.0
남,30,171.0
남,32,166.0
남,42,167.0
남,31,164.0
남,28,182.0
남,36,167.0
남,34,167.0
남,32,176.0
남,31,171.0
남,44,168.0
남,37,173.0
남,50,160.0
남,49,167.0
남,41,177.0
남,25,182.0
남,19,162.0
남,33,171.0
남,29,176.0
남,32,171.0
남,37,164.0
남,36,185.0
남,34,173.0
남,30,175.0
남,41,172.0
남,26,180.0
남,49,154.0
남,25,174.0
남,25,177.0
남,40,164.0
남,36,174.0
남,36,177.0
남,35,174.0
남,51,171.0
남,42,180.0
남,35,169.0
남,33,166.0
남,41,169.0
남,31,187.0
남,29,170.0
남,32,177.0
남,26,186.0
남,38,159.0
남,45,168.0
남,29,181.0
남,29,177.0
남,40,183.0
남,27,178.0
남,58,167.0
남,46,172.0
남,40,170.0
남,32,175.0
남,32,176.0
남,32,167.0
남,45,167.0
남,45,177.0
남,31,174.0
남,40,169.0
남,66,168.0
남,63,170.0
남,53,163.0
남,60,174.0
남,55,167.0
남,57,165.0
남,58,172.0
남,58,163.0
남,57,171.0
남,68,159.0
남,56,171.0
남,60,168.0
남,32,173.0
남,66,170.0
남,61,175.0
남,33,178.0
남,32,174.0
남,48,169.0
남,68,158.0
남,63,167.0
남,65,168.0
남,44,165.0
남,46,177.0
남,48,179.0
남,62,168.0
남,47,171.0
남,44,173.0
남,27,178.0
남,54,171.0
남,48,179.0
남,46,169.0
남,67,175.0
남,64,156.0
여,29,162.0
여,36,166.0
여,29,167.0
여,27,161.0
여,45,171.0
여,31,160.0
여,26,168.0
여,27,161.0
여,25,157.0
여,30,159.0
여,27,164.0
여,29,159.0
여,28,160.0
여,33,163.0
여,33,167.0
여,34,162.0
여,34,153.0
여,36,161.0
남,36,179.0
남,37,169.0
남,39,177.0
남,38,175.0
남,36,175.0
여,29,155.0
남,34,169.0
남,32,171.0
남,35,187.0
남,30,175.0
남,31,183.0
남,34,172.0
남,31,175.0
남,38,176.0
남,40,172.0
남,34,167.0
남,34,176.0
남,36,173.0
남,33,175.0
남,36,165.0
남,35,170.0
남,30,167.0
남,31,168.0
남,31,177.0
남,31,172.0
남,31,172.0
남,30,169.0
남,37,178.0
남,37,177.0
남,27,168.0
남,39,181.0
남,29,164.0
남,30,170.0
남,34,170.0
남,34,178.0
남,27,168.0
남,35,173.0
남,36,165.0
남,32,175.0
남,33,174.0
남,37,172.0
남,37,175.0
남,31,179.0
남,32,171.0
남,29,183.0
여,25,164.0
여,33,160.0
여,34,151.0
여,27,154.0
여,25,166.0
여,33,157.0
여,33,156.0
여,34,164.0
여,30,156.0
남,19,168.0
여,26,163.0
여,33,156.0
여,30,166.0
여,34,160.0
여,31,159.0
여,30,168.0
남,19,165.0
여,28,159.0
여,33,168.0
여,30,158.0
여,30,171.0
여,34,167.0
여,33,158.0
여,29,161.0
여,30,162.0
여,31,156.0
여,32,157.0
여,30,158.0
여,32,162.0
여,31,155.0
여,30,162.0
여,25,162.0
여,28,163.0
여,28,156.0
여,26,165.0
여,28,163.0
여,29,163.0
여,26,165.0
여,26,163.0
여,31,152.0
여,32,165.0
여,33,161.0
여,30,160.0
여,34,161.0
여,31,160.0
여,32,155.0
여,35,160.0
여,33,169.0
여,34,162.0
여,34,163.0
여,31,164.0
여,30,161.0
여,32,162.0
여,30,170.0
여,27,158.0
여,29,153.0
여,33,154.0
여,28,167.0
여,31,162.0
여,34,151.0
여,31,160.0
여,28,159.0
여,33,157.0
여,33,152.0
여,30,150.0
여,34,149.0
여,26,161.0
여,28,166.0
여,29,157.0
여,29,171.0
여,26,161.0
여,29,159.0
여,27,166.0
여,29,163.0
여,32,167.0
여,29,159.0
여,33,160.0
여,28,157.0
여,27,165.0
여,34,158.0
여,25,163.0
여,27,160.0
여,25,159.0
여,26,160.0
여,29,165.0
여,33,157.0
여,34,169.0
여,34,172.0
여,32,170.0
여,33,168.0
여,33,164.0
여,33,168.0
여,26,166.0
여,29,162.0
여,26,155.0
여,27,152.0
여,28,167.0
여,28,157.0
여,29,165.0
여,34,171.0
여,29,153.0
여,29,165.0
여,33,154.0
여,26,154.0
여,25,160.0
여,28,159.0
여,33,160.0
여,26,159.0
남,36,175.0
남,19,172.0
남,19,181.0
남,19,172.0
남,19,169.0
남,19,168.0
남,37,174.0
남,36,177.0
남,36,180.0
남,38,170.0
남,35,177.0
남,38,173.0
남,39,171.0
남,38,172.0
남,36,167.0
남,38,173.0
남,38,163.0
남,38,168.0
남,38,172.0
남,38,169.0
남,36,168.0
남,38,166.0
남,35,177.0
남,37,167.0
남,37,170.0
남,34,178.0
남,36,170.0
남,39,178.0
남,38,175.0
남,39,180.0
남,35,168.0
남,38,167.0
남,38,178.0
남,38,178.0
남,37,172.0
남,36,169.0
남,40,180.0
남,36,179.0
남,32,181.0
남,36,180.0
남,37,168.0
남,38,171.0
남,35,167.0
남,35,175.0
남,35,170.0
남,38,175.0
남,40,167.0
남,34,166.0
남,35,166.0
남,35,174.0
남,35,168.0
남,39,176.0
남,37,176.0
남,38,170.0
남,39,167.0
남,39,170.0
남,37,169.0
남,35,169.0
남,38,175.0
남,68,167.0
남,46,174.0
남,51,172.0
남,23,166.0
남,34,169.0
남,42,169.0
남,48,167.0
남,33,179.0
남,29,180.0
남,31,176.0
남,43,173.0
남,23,170.0
남,50,176.0
남,45,165.0
남,25,175.0
남,25,168.0
남,25,162.0
남,19,158.0
남,23,165.0
남,19,177.0
남,19,173.0
남,19,167.0
남,19,177.0
남,24,183.0
남,24,165.0
남,24,171.0
남,24,175.0
남,23,168.0
남,25,174.0
남,49,174.0
남,18,168.0
남,26,169.0
남,24,164.0
남,24,176.0
남,19,154.0
남,22,176.0
남,22,160.0
남,33,162.0
남,48,171.0
남,46,161.0
남,48,171.0
남,19,188.0
남,24,169.0
남,29,168.0
남,21,162.0
남,47,182.0
남,17,162.0
남,50,172.0
남,54,171.0
남,47,173.0
남,16,168.0
남,17,168.0
남,17,172.0
남,17,174.0
남,16,171.0
남,54,164.0
남,17,165.0
남,48,175.0
남,18,168.0
남,19,168.0
남,18,166.0
남,18,166.0
남,19,173.0
남,18,176.0
남,18,173.0
남,19,174.0
남,18,168.0
남,17,162.0
남,18,167.0
남,18,170.0
남,18,172.0
남,18,181.0
남,18,171.0
남,18,179.0
남,19,171.0
남,18,167.0
남,18,174.0
남,19,164.0
남,18,176.0
남,18,166.0
남,19,172.0
남,18,162.0
남,17,176.0
남,18,170.0
남,55,174.0
남,19,178.0
남,19,183.0
남,18,177.0
남,18,178.0
남,18,178.0
남,18,170.0
남,17,171.0
남,18,171.0
남,17,174.0
남,17,175.0
남,17,169.0
남,18,168.0
남,17,164.0
남,17,175.0
남,17,176.0
남,17,168.0
남,17,175.0
남,16,168.0
남,16,173.0
남,17,168.0
남,17,174.0
남,17,169.0
남,17,169.0
남,17,179.0
남,16,165.0
남,16,174.0
남,20,182.0
남,17,172.0
남,18,169.0
남,18,164.0
남,18,177.0
남,17,175.0
남,18,178.0
남,17,174.0
남,17,171.0
남,17,167.0
남,17,166.0
남,16,170.0
남,16,168.0
남,16,165.0
남,16,169.0
남,17,175.0
남,18,165.0
남,18,170.0
남,18,168.0
남,18,176.0
남,18,175.0
남,18,177.0
남,17,175.0
남,18,171.0
남,18,176.0
남,17,166.0
남,18,175.0
남,18,171.0
남,18,172.0
남,17,172.0
남,18,177.0
남,17,172.0
남,16,167.0
남,17,172.0
남,18,167.0
남,18,173.0
남,18,177.0
남,17,162.0
남,16,166.0
남,16,177.0
남,53,167.0
남,16,157.0
남,17,175.0
남,17,173.0
남,17,178.0
남,17,177.0
남,16,170.0
남,16,173.0
남,16,166.0
남,16,166.0
남,17,170.0
남,17,183.0
남,17,182.0
남,17,173.0
남,17,171.0
남,16,165.0
남,16,173.0
남,17,169.0
남,16,166.0
남,16,167.0
남,16,181.0
남,16,163.0
남,16,171.0
남,16,172.0
남,16,170.0
남,16,162.0
남,16,167.0
남,16,167.0
남,17,176.0
남,17,176.0
남,17,181.0
남,17,178.0
남,17,172.0
남,17,173.0
남,16,175.0
남,19,164.0
남,17,169.0
남,18,166.0
남,18,172.0
남,18,161.0
남,18,174.0
남,17,174.0
남,18,170.0
남,18,169.0
남,18,179.0
남,18,172.0
남,17,172.0
남,19,176.0
남,17,162.0
남,18,168.0
남,18,170.0
남,18,179.0
남,17,179.0
남,17,161.0
남,18,172.0
남,18,172.0
남,16,175.0
남,16,174.0
남,16,173.0
남,16,178.0
남,19,178.0
남,16,166.0
남,16,179.0
남,16,164.0
남,16,174.0
남,16,172.0
남,16,170.0
남,27,169.0
남,40,182.0
남,42,169.0
남,45,172.0
남,63,166.0
남,43,153.0
남,45,162.0
남,54,168.0
남,50,170.0
남,54,168.0
남,54,168.0
남,53,168.0
남,55,172.0
남,59,167.0
남,64,164.0
남,61,161.0
남,41,168.0
남,41,170.0
남,19,174.0
남,49,168.0
남,40,169.0
남,47,168.0
남,53,170.0
남,53,169.0
남,53,173.0
남,44,166.0
남,53,177.0
남,52,171.0
남,42,178.0
남,45,162.0
남,41,169.0
남,45,162.0
남,42,173.0
남,45,172.0
남,54,169.0
남,54,172.0
남,56,175.0
남,20,178.0
남,56,170.0
남,24,173.0
남,56,169.0
남,48,171.0
남,37,173.0
남,19,183.0
남,38,162.0
남,56,163.0
남,51,162.0
남,20,175.0
남,67,165.0
남,53,172.0
남,34,167.0
남,48,163.0
남,33,177.0
남,28,167.0
남,37,175.0
남,24,186.0
남,36,175.0
남,27,170.0
남,45,168.0
남,36,168.0
남,38,179.0
남,43,174.0
남,50,167.0
남,23,174.0
남,23,183.0
남,26,171.0
남,63,166.0
남,69,160.0
남,19,169.0
남,68,165.0
남,62,168.0
남,20,173.0
남,56,164.0
남,19,179.0
남,19,173.0
남,36,171.0
남,41,169.0
남,46,161.0
남,42,175.0
남,25,168.0
남,42,173.0
남,47,177.0
남,49,174.0
남,48,165.0
남,66,163.0
남,44,165.0
남,60,160.0
남,52,169.0
남,31,182.0
남,57,161.0
남,36,164.0
남,43,171.0
남,53,165.0
남,48,165.0
남,59,179.0
남,40,169.0
남,44,170.0
남,51,160.0
남,48,169.0
남,59,163.0
남,39,163.0
남,56,166.0
남,43,171.0
남,20,182.0
남,20,166.0
남,20,182.0
남,20,169.0
남,38,163.0
남,44,173.0
남,45,170.0
남,60,159.0
남,65,171.0
남,44,163.0
남,44,164.0
남,44,169.0
남,17,178.0
남,19,178.0
남,44,167.0
남,31,167.0
남,47,167.0
남,38,180.0
남,63,167.0
남,29,175.0
남,36,172.0
남,40,166.0
남,41,176.0
남,64,167.0
남,63,168.0
남,32,167.0
남,41,170.0
남,52,170.0
남,60,169.0
남,35,163.0
남,37,171.0
남,61,162.0
남,50,175.0
남,63,158.0
남,30,184.0
남,66,165.0
남,36,171.0
남,49,164.0
남,67,170.0
남,64,158.0
남,60,159.0
남,64,166.0
남,55,169.0
남,59,169.0
남,55,172.0
남,24,182.0
남,32,176.0
남,41,167.0
남,69,158.0
남,57,154.0
남,38,168.0
남,54,170.0
남,65,157.0
남,22,171.0
남,22,173.0
남,19,170.0
남,22,167.0
남,51,171.0
남,24,171.0
남,39,169.0
남,24,182.0
남,22,178.0
남,47,168.0
남,44,172.0
남,19,171.0
남,19,165.0
남,19,186.0
남,19,176.0
남,37,176.0
남,67,167.0
남,30,166.0
남,30,173.0
남,66,165.0
남,58,162.0
남,67,174.0
남,69,161.0
남,67,162.0
남,19,174.0
남,22,182.0
남,36,168.0
남,64,164.0
남,66,163.0
남,69,167.0
남,61,157.0
남,23,179.0
남,22,179.0
남,37,163.0
남,58,164.0
남,46,159.0
남,57,162.0
남,23,178.0
남,23,168.0
남,23,171.0
남,53,158.0
남,25,171.0
남,18,175.0
남,23,179.0
남,35,185.0
남,35,183.0
남,21,172.0
남,23,169.0
남,23,175.0
남,25,175.0
남,44,163.0
남,36,167.0
남,45,162.0
남,18,172.0
남,18,168.0
남,18,175.0
남,19,161.0
남,18,173.0
남,23,181.0
남,35,171.0
남,61,179.0
남,27,186.0
남,23,172.0
남,41,178.0
남,60,162.0
남,42,168.0
남,44,185.0
남,42,176.0
남,21,181.0
남,46,168.0
남,17,171.0
남,17,169.0
남,36,169.0
남,49,166.0
남,48,161.0
남,51,166.0
남,32,180.0
남,22,174.0
남,22,168.0
남,22,184.0
남,33,183.0
남,52,160.0
남,42,172.0
남,24,179.0
남,24,169.0
남,50,165.0
남,36,164.0
남,46,166.0
남,33,172.0
남,29,170.0
남,21,184.0
남,68,156.0
남,35,166.0
남,53,167.0
남,49,164.0
남,21,174.0
남,18,172.0
남,44,169.0
남,35,162.0
남,37,171.0
남,20,185.0
남,20,163.0
남,59,162.0
남,19,177.0
남,18,177.0
남,18,178.0
남,18,175.0
남,39,167.0
남,20,169.0
남,50,174.0
남,58,173.0
남,60,169.0
남,57,171.0
남,59,167.0
남,17,161.0
남,17,163.0
남,17,182.0
남,17,173.0
남,17,173.0
남,24,164.0
남,37,173.0
남,16,175.0
남,32,167.0
남,31,177.0
남,36,170.0
남,38,184.0
남,33,178.0
남,43,180.0
남,28,175.0
남,22,174.0
남,41,174.0
남,16,167.0
남,19,168.0
남,19,173.0
남,19,177.0
남,19,168.0
남,19,179.0
남,19,172.0
남,19,165.0
남,19,177.0
남,20,164.0
남,20,162.0
남,21,186.0
남,20,187.0
남,21,169.0
남,23,170.0
남,22,180.0
남,20,169.0
남,23,179.0
남,19,165.0
남,19,172.0
남,23,175.0
남,26,179.0
남,19,173.0
남,19,175.0
남,20,178.0
남,20,169.0
남,20,179.0
남,26,174.0
남,26,170.0
남,23,173.0
남,19,158.0
남,25,165.0
남,26,170.0
남,19,176.0
남,20,175.0
남,20,174.0
남,25,171.0
남,19,173.0
남,20,176.0
남,19,172.0
남,60,167.0
남,17,169.0
남,16,178.0
남,19,169.0
남,19,168.0
남,29,173.0
남,33,172.0
남,19,172.0
남,39,162.0
남,35,173.0
남,19,185.0
남,55,167.0
남,16,170.0
남,16,169.0
남,16,179.0
남,16,175.0
남,16,177.0
남,16,179.0
남,16,174.0
남,16,169.0
남,16,164.0
남,16,172.0
남,16,167.0
남,16,175.0
남,16,172.0
남,16,164.0
남,17,179.0
남,17,179.0
남,17,174.0
남,17,164.0
남,17,178.0
남,39,177.0
남,19,168.0
남,19,170.0
남,19,177.0
남,19,171.0
남,29,177.0
남,16,171.0
남,16,172.0
남,27,168.0
남,25,172.0
남,28,175.0
남,27,182.0
남,29,172.0
남,43,172.0
남,27,178.0
남,25,170.0
남,19,179.0
남,19,160.0
남,32,184.0
남,32,180.0
남,27,180.0
남,16,171.0
남,16,175.0
남,16,175.0
남,27,171.0
남,28,171.0
남,32,167.0
남,35,177.0
남,26,183.0
남,26,170.0
남,27,169.0
남,22,175.0
남,27,170.0
남,24,166.0
남,31,178.0
남,31,178.0
남,39,168.0
남,30,167.0
남,32,177.0
남,29,179.0
남,36,178.0
남,33,179.0
남,31,172.0
남,36,164.0
남,26,179.0
남,26,175.0
남,27,174.0
남,34,167.0
남,34,177.0
남,25,165.0
남,30,171.0
남,32,163.0
남,28,186.0
남,25,165.0
남,31,180.0
남,37,172.0
남,30,173.0
남,34,170.0
남,25,173.0
남,27,172.0
남,25,163.0
남,29,180.0
남,30,168.0
남,36,172.0
남,33,170.0
남,36,176.0
남,33,173.0
남,29,173.0
남,29,166.0
남,33,177.0
남,30,171.0
남,31,178.0
남,38,174.0
남,31,173.0
남,26,170.0
남,32,175.0
남,25,167.0
남,34,173.0
남,28,165.0
남,38,173.0
남,38,172.0
남,30,174.0
남,21,173.0
남,25,166.0
남,30,169.0
남,27,169.0
남,23,171.0
남,32,181.0
남,29,174.0
남,32,184.0
남,26,175.0
남,30,161.0
남,36,169.0
남,26,166.0
남,29,171.0
남,27,167.0
남,33,180.0
남,33,177.0
남,29,170.0
남,24,173.0
남,27,170.0
남,28,176.0
남,33,173.0
남,26,163.0
남,27,174.0
남,31,167.0
남,27,178.0
남,31,173.0
남,34,178.0
남,42,164.0
남,33,180.0
남,26,162.0
남,28,163.0
남,27,164.0
남,32,166.0
남,26,169.0
남,25,168.0
남,28,176.0
남,25,165.0
남,26,165.0
남,29,170.0
남,25,175.0
남,26,167.0
남,24,162.0
남,31,170.0
남,30,168.0
남,25,185.0
남,25,179.0
남,25,175.0
남,26,175.0
남,24,180.0
남,25,180.0
남,34,179.0
남,26,177.0
남,39,171.0
남,39,170.0
남,37,171.0
남,38,173.0
남,38,166.0
남,36,170.0
남,40,168.0
남,39,174.0
남,39,171.0
남,37,171.0
남,29,172.0
남,36,167.0
남,35,167.0
남,23,176.0
남,36,169.0
남,27,180.0
남,32,174.0
남,34,181.0
남,35,181.0
남,33,176.0
남,28,174.0
남,28,179.0
남,35,179.0
남,17,175.0
남,27,171.0
남,26,173.0
남,34,173.0
남,29,176.0
남,40,174.0
남,37,169.0
남,38,179.0
남,28,179.0
남,28,173.0
남,35,179.0
남,34,176.0
남,37,176.0
남,32,178.0
남,39,169.0
남,35,171.0
남,39,165.0
남,37,178.0
남,30,182.0
남,29,171.0
남,33,173.0
남,32,178.0
남,34,171.0
남,38,181.0
남,35,162.0
남,34,180.0
남,36,170.0
남,34,167.0
남,37,170.0
남,28,169.0
남,37,185.0
남,27,176.0
남,38,186.0
남,32,182.0
남,37,175.0
남,30,174.0
남,26,174.0
남,26,176.0
남,27,169.0
남,26,171.0
남,31,181.0
남,28,177.0
남,27,173.0
남,25,172.0
남,34,186.0
남,32,167.0
남,32,183.0
남,33,170.0
남,39,163.0
남,34,170.0
남,28,171.0
남,28,167.0
남,39,171.0
남,26,176.0
남,34,176.0
남,35,169.0
남,37,174.0
남,39,172.0
남,32,166.0
남,25,174.0
남,39,172.0
남,26,172.0
남,45,167.0
남,42,165.0
남,44,170.0
남,46,168.0
남,43,170.0
남,44,170.0
남,45,176.0
남,45,171.0
남,47,172.0
남,48,167.0
남,49,168.0
남,26,177.0
남,26,158.0
남,26,164.0
남,30,171.0
남,28,168.0
남,28,170.0
남,36,169.0
남,67,170.0
남,17,168.0
남,65,170.0
남,16,162.0
남,54,172.0
남,19,168.0
남,32,169.0
남,54,175.0
남,19,171.0
남,54,171.0
남,51,172.0
남,39,168.0
남,19,172.0
남,17,165.0
남,17,171.0
남,56,160.0
남,57,168.0
남,35,167.0
남,43,170.0
남,38,178.0
남,32,175.0
남,59,161.0
남,50,173.0
남,32,180.0
남,53,158.0
남,37,179.0
남,32,177.0
남,17,166.0
남,16,173.0
남,34,174.0
남,35,174.0
남,32,172.0
남,62,162.0
남,67,166.0
남,33,173.0
남,51,172.0
남,39,170.0
남,56,177.0
남,68,176.0
남,66,165.0
남,61,165.0
남,36,166.0
남,54,167.0
남,55,165.0
남,30,182.0
남,48,171.0
남,62,163.0
남,51,167.0
남,62,158.0
남,67,156.0
남,63,161.0
남,63,175.0
남,37,177.0
남,19,172.0
남,19,167.0
남,39,174.0
남,17,161.0
남,17,173.0
남,19,168.0
남,17,168.0
남,17,163.0
남,31,171.0
남,59,161.0
남,45,171.0
남,66,174.0
남,63,160.0
남,17,162.0
남,19,163.0
남,29,174.0
남,68,173.0
남,61,164.0
남,64,168.0
남,37,178.0
남,33,168.0
남,62,161.0
남,30,167.0
남,43,179.0
남,51,180.0
남,36,183.0
남,32,164.0
남,53,176.0
남,34,171.0
남,53,164.0
남,32,171.0
남,61,170.0
남,25,179.0
남,25,167.0
남,51,169.0
남,61,167.0
남,50,165.0
남,22,170.0
남,31,168.0
남,27,171.0
남,23,177.0
남,38,175.0
남,56,165.0
남,22,178.0
남,36,171.0
남,18,169.0
남,22,170.0
남,46,165.0
남,29,169.0
남,22,179.0
남,19,172.0
남,22,178.0
남,22,173.0
남,26,162.0
남,25,173.0
남,19,173.0
남,19,164.0
남,19,173.0
남,19,184.0
남,37,175.0
남,20,169.0
남,40,169.0
남,32,166.0
남,44,163.0
남,53,163.0
남,33,176.0
남,42,178.0
남,42,169.0
남,29,170.0
남,16,164.0
남,16,162.0
남,33,167.0
남,37,169.0
남,41,173.0
남,23,171.0
남,31,167.0
남,23,168.0
남,34,179.0
남,22,180.0
남,19,162.0
남,25,176.0
남,22,169.0
남,48,164.0
남,16,165.0
남,16,179.0
남,16,175.0
남,22,176.0
남,22,173.0
남,22,177.0
남,22,178.0
남,22,175.0
남,49,170.0
남,44,159.0
남,45,171.0
남,31,169.0
남,19,167.0
남,20,175.0
남,19,166.0
남,22,168.0
남,16,176.0
남,16,170.0
남,19,172.0
남,22,176.0
남,22,178.0
남,28,177.0
남,22,180.0
남,22,164.0
남,31,174.0
남,22,176.0
남,22,175.0
남,16,176.0
남,16,177.0
남,16,176.0
남,26,175.0
남,26,170.0
남,16,171.0
남,16,170.0
남,25,179.0
남,16,178.0
남,25,176.0
남,31,162.0
남,22,163.0
남,21,169.0
남,21,166.0
남,21,171.0
남,25,172.0
남,43,169.0
남,17,172.0
남,22,176.0
남,17,171.0
남,17,168.0
남,17,166.0
남,24,189.0
남,24,167.0
남,17,178.0
남,21,187.0
남,44,167.0
남,18,171.0
남,16,181.0
남,29,168.0
남,40,172.0
남,35,174.0
남,16,169.0
남,16,166.0
남,17,171.0
남,41,175.0
남,17,171.0
남,17,176.0
남,19,170.0
남,19,173.0
남,17,171.0
남,23,175.0
남,17,171.0
남,18,176.0
남,49,172.0
남,19,172.0
남,18,178.0
남,45,168.0
남,27,176.0
남,24,171.0
남,18,169.0
남,32,173.0
남,17,172.0
남,17,175.0
남,16,169.0
남,16,170.0
남,16,169.0
남,26,170.0
남,16,176.0
남,23,187.0
남,23,179.0
남,17,175.0
남,33,178.0
남,34,165.0
남,32,176.0
남,18,180.0
남,18,172.0
남,18,177.0
남,18,178.0
남,16,164.0
남,18,172.0
남,18,167.0
남,20,158.0
남,20,167.0
남,29,171.0
남,37,174.0
남,38,167.0
남,36,185.0
남,18,182.0
남,33,170.0
남,27,169.0
남,17,169.0
남,17,175.0
남,17,179.0
남,17,167.0
남,34,173.0
남,18,177.0
남,18,172.0
남,19,161.0
남,18,190.0
남,17,167.0
남,17,165.0
남,28,173.0
남,38,168.0
남,17,162.0
남,17,177.0
남,18,172.0
남,35,180.0
남,37,162.0
남,22,170.0
남,20,163.0
남,16,162.0
남,38,173.0
남,19,179.0
남,45,170.0
남,37,172.0
남,17,162.0
남,17,168.0
남,22,181.0
남,19,169.0
남,39,164.0
남,39,172.0
남,16,168.0
남,16,173.0
남,16,169.0
남,18,173.0
남,16,172.0
남,18,175.0
남,18,177.0
남,18,172.0
남,18,182.0
남,18,171.0
남,18,175.0
남,18,179.0
남,25,178.0
남,19,175.0
남,16,171.0
남,18,174.0
남,19,170.0
남,26,177.0
남,26,173.0
남,19,168.0
남,16,165.0
남,16,169.0
남,25,175.0
남,26,176.0
남,37,170.0
남,63,157.0
남,32,179.0
남,53,170.0
남,63,168.0
남,66,160.0
남,17,169.0
남,17,176.0
남,19,175.0
남,16,181.0
남,16,180.0
남,16,173.0
남,16,165.0
남,16,165.0
남,16,173.0
남,16,184.0
남,16,184.0
남,16,179.0
남,16,164.0
남,17,176.0
남,17,180.0
남,17,184.0
남,17,171.0
남,17,172.0
남,17,175.0
남,17,168.0
남,17,181.0
남,17,167.0
남,17,175.0
남,17,179.0
남,17,166.0
남,17,175.0
남,17,172.0
남,17,174.0
남,16,171.0
남,18,181.0
남,17,189.0
남,18,181.0
남,18,180.0
남,18,160.0
남,18,168.0
남,18,169.0
남,18,172.0
남,18,178.0
남,18,169.0
남,18,163.0
남,18,173.0
남,18,173.0
남,18,167.0
남,18,185.0
남,18,176.0
남,18,180.0
남,18,183.0
남,18,173.0
남,18,166.0
남,18,162.0
남,55,159.0
남,57,170.0
남,19,163.0
남,17,171.0
남,18,174.0
남,17,166.0
남,17,180.0
남,16,174.0
남,16,172.0
남,17,182.0
남,17,173.0
남,17,183.0
남,17,170.0
남,17,172.0
남,17,164.0
남,16,179.0
남,16,170.0
남,17,164.0
남,18,174.0
남,17,162.0
남,17,171.0
남,18,167.0
남,19,179.0
남,16,172.0
남,16,171.0
남,16,167.0
남,24,167.0
남,24,174.0
남,16,173.0
남,16,169.0
남,60,170.0
남,16,174.0
남,16,164.0
남,51,170.0
남,57,165.0
남,19,177.0
남,53,162.0
남,65,163.0
남,47,175.0
남,56,163.0
남,44,172.0
남,62,135.0
남,68,159.0
남,50,165.0
남,65,163.0
남,35,171.0
남,56,162.0
남,61,168.0
남,59,157.0
남,59,165.0
남,66,160.0
남,61,157.0
남,50,167.0
남,61,156.0
남,57,174.0
남,61,160.0
남,58,162.0
남,48,162.0
남,66,159.0
남,22,170.0
남,62,164.0
남,61,159.0
남,60,158.0
남,54,163.0
남,59,166.0
남,62,167.0
남,56,172.0
남,59,173.0
남,56,157.0
남,45,170.0
남,58,165.0
남,59,173.0
남,59,173.0
남,53,162.0
남,54,162.0
남,57,165.0
남,49,163.0
남,35,169.0
남,21,178.0
남,34,162.0
남,37,168.0
남,38,173.0
남,39,166.0
남,33,172.0
남,50,158.0
남,41,176.0
남,56,156.0
남,44,170.0
남,59,168.0
남,26,164.0
남,19,174.0
남,20,171.0
남,19,175.0
남,19,178.0
남,19,174.0
남,48,172.0
남,30,172.0
남,48,168.0
남,47,168.0
남,38,173.0
남,20,175.0
남,33,180.0
남,19,175.0
남,19,176.0
남,45,164.0
남,30,169.0
남,18,169.0
남,33,168.0
남,19,166.0
남,20,168.0
남,21,178.0
남,19,178.0
남,32,172.0
남,19,184.0
남,48,177.0
남,19,170.0
남,20,172.0
남,20,171.0
남,19,165.0
남,46,173.0
남,19,178.0
남,41,173.0
남,51,172.0
남,44,164.0
남,25,174.0
남,25,184.0
남,26,176.0
남,16,178.0
남,43,166.0
남,17,169.0
남,16,171.0
남,16,177.0
남,19,170.0
남,19,167.0
남,19,166.0
남,16,170.0
남,16,171.0
남,17,168.0
남,19,177.0
남,48,164.0
남,16,167.0
남,17,171.0
남,37,165.0
남,40,170.0
남,19,178.0
남,21,170.0
남,19,171.0
남,20,170.0
남,19,168.0
남,20,175.0
남,21,177.0
남,21,160.0
남,45,156.0
남,48,175.0
남,24,181.0
남,19,177.0
남,24,172.0
남,24,177.0
남,47,174.0
남,35,172.0
남,16,172.0
남,47,170.0
남,42,174.0
남,44,169.0
남,19,168.0
남,19,172.0
남,33,172.0
남,23,173.0
남,22,167.0
남,24,179.0
남,24,176.0
남,42,179.0
남,24,166.0
남,47,178.0
남,45,162.0
남,47,172.0
남,24,171.0
남,24,181.0
남,24,176.0
남,38,175.0
남,34,168.0
남,24,173.0
남,24,182.0
남,20,189.0
남,25,177.0
남,24,174.0
남,25,172.0
남,46,168.0
남,38,175.0
남,39,175.0
남,19,177.0
남,20,169.0
남,36,173.0
남,25,176.0
남,16,176.0
남,63,162.0
남,53,162.0
남,37,171.0
남,29,172.0
남,26,189.0
남,25,179.0
남,26,175.0
남,25,168.0
남,25,173.0
남,26,172.0
남,25,177.0
남,25,170.0
남,26,176.0
남,26,177.0
남,27,174.0
남,19,169.0
남,30,183.0
남,25,178.0
남,25,180.0
남,25,170.0
남,25,177.0
남,29,175.0
남,29,162.0
남,28,188.0
남,29,167.0
남,26,174.0
남,28,168.0
남,30,166.0
남,21,180.0
남,21,169.0
남,21,174.0
남,26,173.0
남,26,167.0
남,19,168.0
남,19,170.0
남,19,178.0
남,25,165.0
남,25,167.0
남,25,168.0
남,30,170.0
남,35,169.0
남,29,174.0
남,25,173.0
남,39,170.0
남,36,161.0
남,31,172.0
남,37,164.0
남,36,173.0
남,35,178.0
남,35,167.0
남,33,170.0
남,33,178.0
남,24,168.0
남,34,170.0
남,36,169.0
남,34,178.0
남,33,173.0
남,34,175.0
남,39,166.0
남,39,169.0
남,34,173.0
남,34,179.0
남,31,176.0
남,31,173.0
남,39,171.0
남,30,172.0
남,31,169.0
남,31,168.0
남,37,170.0
남,30,172.0
남,33,172.0
남,31,168.0
남,32,174.0
남,37,174.0
남,38,171.0
남,39,170.0
남,36,170.0
남,38,166.0
남,31,174.0
남,38,172.0
남,34,176.0
남,38,167.0
남,45,168.0
남,19,181.0
남,20,177.0
남,19,167.0
남,19,167.0
남,19,177.0
여,24,160.0
여,21,157.0
여,25,165.0
여,59,152.0
여,25,160.0
여,21,149.0
여,21,161.0
여,21,166.0
여,32,164.0
여,25,158.0
여,18,159.0
여,19,159.0
여,62,161.0
여,19,154.0
여,61,144.0
여,22,159.0
여,19,161.0
여,21,160.0
여,22,161.0
여,19,156.0
여,22,166.0
여,40,162.0
여,19,160.0
여,19,155.0
여,44,158.0
여,19,158.0
여,18,160.0
여,19,165.0
여,17,166.0
여,21,167.0
여,21,153.0
여,19,160.0
여,23,161.0
여,19,157.0
여,19,162.0
여,19,155.0
여,19,154.0
여,19,166.0
여,21,158.0
여,19,153.0
여,22,156.0
여,23,161.0
여,24,164.0
여,22,162.0
여,20,168.0
여,27,169.0
여,20,164.0
여,20,163.0
여,20,172.0
여,21,161.0
여,19,167.0
여,19,157.0
여,19,156.0
여,19,156.0
여,20,155.0
여,20,155.0
여,22,165.0
여,20,154.0
여,20,154.0
여,48,145.0
여,55,154.0
여,17,161.0
여,18,157.0
여,18,164.0
여,18,160.0
여,19,153.0
여,18,163.0
여,18,163.0
여,19,155.0
여,18,153.0
여,18,148.0
여,17,169.0
여,17,162.0
여,16,159.0
여,17,160.0
여,16,157.0
여,16,164.0
여,17,158.0
여,17,160.0
여,16,162.0
여,17,163.0
여,17,157.0
여,17,158.0
여,18,160.0
여,18,153.0
여,18,156.0
여,16,162.0
여,16,167.0
여,16,159.0
여,16,161.0
여,16,159.0
여,17,156.0
여,16,166.0
여,16,156.0
여,16,168.0
여,16,156.0
여,16,164.0
여,16,161.0
여,16,156.0
여,17,162.0
여,17,160.0
여,17,155.0
여,16,157.0
여,17,157.0
여,16,165.0
여,16,158.0
여,16,160.0
여,17,155.0
여,16,154.0
여,17,160.0
여,17,155.0
여,17,163.0
여,17,148.0
여,16,160.0
여,18,155.0
여,18,163.0
여,17,162.0
여,18,153.0
여,18,162.0
여,18,162.0
여,16,149.0
여,16,162.0
여,16,168.0
여,16,164.0
여,16,153.0
여,16,159.0
여,16,162.0
여,16,169.0
여,16,145.0
여,16,150.0
여,17,168.0
여,16,164.0
여,16,162.0
여,16,159.0
여,16,156.0
여,17,165.0
여,17,160.0
여,16,155.0
여,18,155.0
여,18,158.0
여,18,165.0
여,18,161.0
여,18,163.0
여,17,163.0
여,17,154.0
여,17,168.0
여,17,164.0
여,18,160.0
여,18,153.0
여,64,158.0
여,56,156.0
여,60,148.0
여,58,156.0
여,55,144.0
여,58,149.0
여,52,156.0
여,56,156.0
여,51,147.0
여,57,146.0
여,58,150.0
여,50,158.0
여,42,153.0
여,36,154.0
여,29,158.0
여,53,149.0
여,54,152.0
여,54,154.0
여,68,157.0
여,56,157.0
여,52,157.0
여,54,152.0
여,49,151.0
여,57,149.0
여,55,151.0
여,25,156.0
여,36,152.0
여,37,159.0
여,68,153.0
여,43,156.0
여,43,158.0
여,38,157.0
여,57,152.0
여,68,148.0
여,58,156.0
여,36,158.0
여,41,152.0
여,36,145.0
여,68,146.0
여,68,150.0
여,53,157.0
여,54,154.0
여,55,157.0
여,43,144.0
여,18,162.0
여,44,165.0
여,32,157.0
여,30,163.0
여,49,154.0
여,52,159.0
여,49,154.0
여,61,154.0
여,60,153.0
여,49,162.0
여,64,158.0
여,68,148.0
여,40,162.0
여,39,162.0
여,30,154.0
여,57,156.0
여,25,164.0
여,49,156.0
여,44,152.0
여,56,156.0
여,44,151.0
여,25,163.0
여,52,152.0
여,69,141.0
여,57,161.0
여,37,155.0
여,34,157.0
여,42,161.0
여,17,164.0
여,32,161.0
여,37,165.0
여,45,153.0
여,20,159.0
여,20,155.0
여,21,156.0
여,38,149.0
여,47,149.0
여,54,157.0
여,22,158.0
여,51,157.0
여,43,160.0
여,66,156.0
여,35,159.0
여,45,149.0
여,18,148.0
여,33,161.0
여,42,159.0
여,58,147.0
여,55,154.0
여,27,160.0
여,23,162.0
여,42,162.0
여,42,153.0
여,65,150.0
여,39,149.0
여,37,152.0
여,58,149.0
여,63,153.0
여,43,150.0
여,35,153.0
여,51,147.0
여,54,155.0
여,60,148.0
여,54,152.0
여,54,162.0
여,41,156.0
여,36,161.0
여,52,151.0
여,54,154.0
여,62,139.0
여,40,160.0
여,51,147.0
여,52,154.0
여,53,160.0
여,29,162.0
여,19,159.0
여,60,153.0
여,42,171.0
여,44,160.0
여,61,147.0
여,44,156.0
여,55,151.0
여,37,160.0
여,36,155.0
여,18,160.0
여,60,162.0
여,28,165.0
여,44,158.0
여,21,164.0
여,40,156.0
여,56,148.0
여,44,158.0
여,48,156.0
여,46,161.0
여,52,156.0
여,68,151.0
여,58,148.0
여,42,156.0
여,41,152.0
여,55,155.0
여,60,144.0
여,60,150.0
여,53,147.0
여,41,155.0
여,19,161.0
여,45,153.0
여,20,160.0
여,54,149.0
여,63,151.0
여,61,159.0
여,28,161.0
여,38,158.0
여,58,148.0
여,66,146.0
여,35,164.0
여,44,149.0
여,44,149.0
여,63,147.0
여,18,162.0
여,18,164.0
여,18,157.0
여,18,156.0
여,18,153.0
여,18,156.0
여,57,151.0
여,20,163.0
여,63,151.0
여,48,150.0
여,52,147.0
여,30,151.0
여,40,150.0
여,33,155.0
여,35,156.0
여,47,163.0
여,36,158.0
여,26,158.0
여,54,154.0
여,51,158.0
여,54,152.0
여,52,150.0
여,49,151.0
여,44,153.0
여,47,153.0
여,19,160.0
여,67,156.0
여,65,153.0
여,41,151.0
여,64,158.0
여,46,147.0
여,47,158.0
여,20,162.0
여,20,165.0
여,33,151.0
여,23,154.0
여,18,165.0
여,18,158.0
여,67,157.0
여,67,149.0
여,63,148.0
여,22,159.0
여,65,146.0
여,33,156.0
여,43,166.0
여,47,156.0
여,19,153.0
여,19,158.0
여,17,159.0
여,61,153.0
여,47,161.0
여,35,158.0
여,47,159.0
여,40,156.0
여,16,158.0
여,16,154.0
여,33,157.0
여,42,161.0
여,65,152.0
여,61,155.0
여,63,146.0
여,65,147.0
여,66,149.0
여,64,154.0
여,63,144.0
여,61,149.0
여,27,157.0
여,32,154.0
여,66,152.0
여,32,155.0
여,21,165.0
여,21,159.0
여,69,150.0
여,59,152.0
여,62,151.0
여,37,156.0
여,39,162.0
여,65,150.0
여,48,149.0
여,49,153.0
여,21,152.0
여,22,158.0
여,19,163.0
여,18,150.0
여,18,161.0
여,18,164.0
여,27,154.0
여,31,150.0
여,48,151.0
여,46,151.0
여,25,151.0
여,37,147.0
여,43,151.0
여,21,151.0
여,21,160.0
여,35,155.0
여,27,160.0
여,39,157.0
여,68,156.0
여,67,150.0
여,62,158.0
여,23,163.0
여,42,164.0
여,45,170.0
여,43,152.0
여,37,167.0
여,41,156.0
여,34,162.0
여,21,162.0
여,18,163.0
여,18,158.0
여,16,158.0
여,28,168.0
여,48,162.0
여,16,171.0
여,18,157.0
여,18,156.0
여,20,156.0
여,44,159.0
여,40,154.0
여,47,158.0
여,34,159.0
여,38,157.0
여,38,158.0
여,34,155.0
여,42,150.0
여,43,158.0
여,33,153.0
여,62,150.0
여,46,160.0
여,45,153.0
여,35,154.0
여,47,158.0
여,48,152.0
여,45,149.0
여,21,155.0
여,58,152.0
여,64,157.0
여,66,151.0
여,38,158.0
여,39,163.0
여,20,158.0
여,23,162.0
여,50,160.0
여,36,156.0
여,40,148.0
여,40,147.0
여,34,164.0
여,49,153.0
여,41,154.0
여,23,153.0
여,49,160.0
여,21,163.0
여,46,155.0
여,48,156.0
여,17,146.0
여,52,151.0
여,38,162.0
여,60,153.0
여,54,166.0
여,63,155.0
여,53,159.0
여,22,145.0
여,22,153.0
여,23,151.0
여,49,153.0
여,18,160.0
여,19,151.0
여,63,145.0
여,59,152.0
여,62,162.0
여,63,145.0
여,20,153.0
여,18,157.0
여,18,161.0
여,51,159.0
여,59,151.0
여,18,155.0
여,18,160.0
여,18,165.0
여,18,159.0
여,53,153.0
여,53,155.0
여,55,149.0
여,58,149.0
여,55,152.0
여,58,151.0
여,53,154.0
여,29,165.0
여,58,156.0
여,55,159.0
여,24,158.0
여,21,153.0
여,18,163.0
여,18,163.0
여,34,158.0
여,41,151.0
여,19,157.0
여,20,158.0
여,34,156.0
여,32,170.0
여,17,155.0
여,21,154.0
여,21,160.0
여,21,162.0
여,19,157.0
여,20,162.0
여,19,165.0
여,19,160.0
여,21,158.0
여,21,156.0
여,19,159.0
여,22,161.0
여,21,150.0
여,22,161.0
여,22,154.0
여,22,159.0
여,22,164.0
여,19,159.0
여,20,156.0
여,19,157.0
여,23,166.0
여,20,158.0
여,21,161.0
여,21,160.0
여,22,168.0
여,51,149.0
여,58,147.0
여,54,145.0
여,55,152.0
여,50,152.0
여,58,150.0
여,33,162.0
여,19,160.0
여,19,164.0
여,21,152.0
여,21,158.0
여,19,156.0
여,26,167.0
여,19,147.0
여,19,149.0
여,19,156.0
여,19,163.0
여,19,158.0
여,34,158.0
여,19,151.0
여,19,155.0
여,17,163.0
여,34,157.0
여,33,165.0
여,33,155.0
여,19,163.0
여,19,154.0
여,19,158.0
여,16,157.0
여,16,167.0
여,16,172.0
여,16,170.0
여,16,147.0
여,19,158.0
여,17,163.0
여,39,161.0
여,39,162.0
여,56,163.0
여,16,161.0
여,16,163.0
여,17,155.0
여,16,161.0
여,19,165.0
여,19,156.0
여,19,159.0
여,25,162.0
여,27,165.0
여,33,163.0
여,25,167.0
여,27,155.0
여,16,149.0
여,38,164.0
여,40,151.0
여,34,161.0
여,34,166.0
여,34,156.0
여,39,169.0
여,33,161.0
여,36,162.0
여,39,168.0
여,37,157.0
여,36,163.0
여,33,159.0
여,36,158.0
여,16,157.0
여,16,156.0
여,16,152.0
여,16,160.0
여,16,153.0
여,16,166.0
여,16,164.0
여,16,161.0
여,16,162.0
여,17,161.0
여,19,156.0
여,16,159.0
여,17,159.0
여,17,155.0
여,16,150.0
여,16,162.0
여,39,162.0
여,16,162.0
여,39,154.0
여,38,162.0
여,36,164.0
여,34,158.0
여,16,155.0
여,34,159.0
여,16,158.0
여,36,162.0
여,19,166.0
여,37,166.0
여,35,161.0
여,34,159.0
여,37,168.0
여,39,158.0
여,39,164.0
여,36,166.0
여,33,158.0
여,34,161.0
여,34,153.0
여,31,170.0
여,31,153.0
여,30,162.0
여,27,161.0
여,22,161.0
여,37,158.0
여,32,158.0
여,34,155.0
여,39,167.0
여,34,164.0
여,39,155.0
여,36,161.0
여,39,163.0
여,33,156.0
여,17,159.0
여,30,156.0
여,17,157.0
여,34,166.0
여,38,160.0
여,40,151.0
여,17,155.0
여,17,163.0
여,17,159.0
여,33,168.0
여,17,165.0
여,33,155.0
여,17,160.0
여,30,162.0
여,38,157.0
여,33,162.0
여,33,156.0
여,34,154.0
여,21,160.0
여,26,160.0
여,25,168.0
여,26,174.0
여,19,164.0
여,21,162.0
여,17,161.0
여,25,164.0
여,17,163.0
여,35,157.0
여,38,156.0
여,39,157.0
여,32,162.0
여,26,157.0
여,32,166.0
여,40,164.0
여,34,159.0
여,40,164.0
여,38,167.0
여,34,164.0
여,63,163.0
여,32,153.0
여,27,152.0
여,28,162.0
여,35,159.0
여,17,157.0
여,30,155.0
여,32,158.0
여,39,163.0
여,40,160.0
여,38,161.0
여,40,156.0
여,26,167.0
여,31,159.0
여,37,166.0
여,39,164.0
여,29,160.0
여,31,168.0
여,27,162.0
여,27,156.0
여,26,161.0
여,26,164.0
여,25,156.0
여,25,160.0
여,33,155.0
여,33,166.0
여,39,164.0
여,38,158.0
여,31,155.0
여,32,171.0
여,36,150.0
여,25,158.0
여,27,156.0
여,31,169.0
여,26,166.0
여,25,165.0
여,25,158.0
여,28,156.0
여,37,147.0
여,34,153.0
여,35,150.0
여,35,158.0
여,29,161.0
여,38,160.0
여,38,163.0
여,38,157.0
여,39,157.0
여,31,157.0
여,39,157.0
여,30,162.0
여,38,155.0
여,38,150.0
여,39,167.0
여,38,164.0
여,25,169.0
여,38,162.0
여,25,164.0
여,22,169.0
여,25,152.0
여,21,157.0
여,26,163.0
여,21,172.0
여,37,157.0
여,19,157.0
여,19,158.0
여,19,155.0
여,16,159.0
여,29,164.0
여,25,161.0
여,29,153.0
여,26,157.0
여,28,154.0
여,26,157.0
여,29,153.0
여,26,165.0
여,29,158.0
여,26,167.0
여,32,160.0
여,25,151.0
여,33,153.0
여,34,161.0
여,28,159.0
여,28,151.0
여,34,159.0
여,28,160.0
여,26,155.0
여,22,155.0
여,29,156.0
여,30,158.0
여,34,160.0
여,31,160.0
여,33,163.0
여,26,158.0
여,26,162.0
여,32,168.0
여,27,164.0
여,54,154.0
여,32,154.0
여,31,154.0
여,32,155.0
여,28,155.0
여,28,149.0
여,26,161.0
여,55,150.0
여,25,161.0
여,58,154.0
여,27,158.0
여,55,153.0
여,55,161.0
여,55,154.0
여,58,158.0
여,17,164.0
여,33,156.0
여,64,154.0
여,60,158.0
여,21,172.0
여,22,160.0
여,46,162.0
여,62,153.0
여,50,154.0
여,16,151.0
여,19,164.0
여,18,158.0
여,19,161.0
여,19,172.0
여,20,162.0
여,23,164.0
여,17,156.0
여,17,170.0
여,16,164.0
여,16,162.0
여,17,163.0
여,17,165.0
여,17,150.0
여,17,157.0
여,54,154.0
여,44,146.0
여,68,147.0
여,60,150.0
여,60,153.0
여,48,156.0
여,45,152.0
여,46,157.0
여,26,160.0
여,19,158.0
여,29,160.0
여,30,157.0
여,25,158.0
여,25,161.0
여,60,153.0
여,31,157.0
여,29,158.0
여,31,157.0
여,27,162.0
여,60,154.0
여,61,153.0
여,29,156.0
여,27,158.0
여,63,156.0
여,19,160.0
여,34,152.0
여,53,158.0
여,49,166.0
여,19,155.0
여,46,145.0
여,64,162.0
여,56,153.0
여,58,152.0
여,19,151.0
여,46,160.0
여,63,155.0
여,63,149.0
여,51,151.0
여,36,142.0
여,47,147.0
여,61,159.0
여,19,156.0
여,59,146.0
여,61,156.0
여,19,159.0
여,59,161.0
여,61,155.0
여,61,154.0
여,61,150.0
여,34,160.0
여,68,150.0
여,62,156.0
여,66,154.0
여,32,157.0
여,62,156.0
여,51,150.0
여,38,162.0
여,62,155.0
여,27,162.0
여,23,167.0
여,30,151.0
여,65,149.0
여,58,153.0
여,55,158.0
여,52,156.0
여,55,145.0
여,58,154.0
여,51,157.0
여,17,154.0
여,37,150.0
여,63,154.0
여,59,155.0
여,23,168.0
여,23,161.0
여,32,161.0
여,31,154.0
여,51,151.0
여,23,160.0
여,31,160.0
여,51,156.0
여,50,152.0
여,58,161.0
여,64,149.0
여,60,161.0
여,62,156.0
여,60,156.0
여,25,152.0
여,16,153.0
여,43,155.0
여,23,159.0
여,44,158.0
여,45,157.0
여,18,162.0
여,18,159.0
여,41,168.0
여,23,155.0
여,19,161.0
여,45,148.0
여,34,153.0
여,45,150.0
여,20,152.0
여,52,160.0
여,16,168.0
여,46,165.0
여,23,158.0
여,54,160.0
여,56,160.0
여,47,150.0
여,56,148.0
여,48,159.0
여,46,153.0
여,20,159.0
여,58,154.0
여,25,157.0
여,34,150.0
여,54,155.0
여,44,155.0
여,58,152.0
여,58,156.0
여,49,166.0
여,35,152.0
여,50,151.0
여,47,157.0
여,51,151.0
여,35,150.0
여,40,152.0
여,43,165.0
여,37,159.0
여,34,165.0
여,35,149.0
여,38,176.0
여,38,154.0
여,56,148.0
여,50,154.0
여,41,156.0
여,38,159.0
여,21,164.0
여,24,165.0
여,33,161.0
여,26,163.0
여,40,156.0
여,19,165.0
여,20,158.0
여,55,153.0
여,58,153.0
여,22,162.0
여,51,156.0
여,30,152.0
여,46,157.0
여,49,154.0
여,54,157.0
여,35,156.0
여,28,145.0
여,54,146.0
여,19,158.0
여,19,156.0
여,34,158.0
여,48,152.0
여,47,156.0
여,47,158.0
여,51,159.0
여,21,157.0
여,46,156.0
여,19,157.0
여,19,148.0
여,19,156.0
여,35,151.0
여,45,158.0
여,55,160.0
여,16,154.0
여,46,149.0
여,51,168.0
여,25,175.0
여,49,153.0
여,18,148.0
여,23,150.0
여,23,162.0
여,22,150.0
여,21,157.0
여,33,168.0
여,28,159.0
여,21,160.0
여,55,153.0
여,32,161.0
여,46,151.0
여,38,160.0
여,34,159.0
여,37,165.0
여,37,156.0
여,23,158.0
여,19,165.0
여,19,155.0
여,19,158.0
여,30,157.0
여,21,154.0
여,20,154.0
여,31,158.0
여,38,159.0
여,35,156.0
여,20,162.0
여,20,154.0
여,18,160.0
여,18,154.0
여,19,158.0
여,16,153.0
여,22,168.0
여,16,153.0
여,25,170.0
여,26,153.0
여,28,152.0
여,39,153.0
여,28,157.0
여,18,168.0
여,18,169.0
여,18,166.0
여,36,160.0
여,31,156.0
여,23,155.0
여,25,162.0
여,36,157.0
여,39,147.0
여,28,162.0
여,28,162.0
여,17,164.0
여,18,164.0
여,18,157.0
여,26,156.0
여,20,161.0
여,22,150.0
여,16,154.0
여,21,155.0
여,21,163.0
여,17,170.0
여,17,155.0
여,36,157.0
여,36,162.0
여,20,149.0
여,20,163.0
여,20,160.0
여,16,160.0
여,16,164.0
여,16,160.0
여,16,153.0
여,16,161.0
여,20,157.0
여,20,159.0
여,29,148.0
여,21,167.0
여,28,170.0
여,19,156.0
여,25,156.0
여,18,151.0
여,18,156.0
여,23,157.0
여,22,153.0
여,33,158.0
여,31,164.0
여,28,162.0
여,18,163.0
여,18,153.0
여,17,157.0
여,17,156.0
여,17,157.0
여,17,149.0
여,16,158.0
여,16,153.0
여,16,163.0
여,16,149.0
여,16,159.0
여,18,163.0
여,17,160.0
여,17,155.0
여,27,167.0
여,34,162.0
여,31,162.0
여,16,156.0
여,16,150.0
여,31,161.0
여,40,154.0
여,18,162.0
여,32,157.0
여,29,155.0
여,19,163.0
여,19,162.0
여,16,159.0
여,16,162.0
여,16,159.0
여,16,161.0
여,33,157.0
여,23,161.0
여,26,159.0
여,36,158.0
여,34,159.0
여,18,164.0
여,18,154.0
여,17,153.0
여,17,156.0
여,18,151.0
여,18,160.0
여,18,151.0
여,19,157.0
여,16,165.0
여,16,159.0
여,18,176.0
여,16,167.0
여,17,150.0
여,17,158.0
여,17,159.0
여,19,154.0
여,17,149.0
여,17,166.0
여,17,149.0
여,17,149.0
여,19,155.0
여,19,152.0
여,18,154.0
여,17,152.0
여,17,161.0
여,16,161.0
여,16,156.0
여,16,149.0
여,17,153.0
여,16,160.0
여,17,158.0
여,17,155.0
여,18,156.0
여,17,150.0
여,16,165.0
여,17,146.0
여,16,157.0
여,20,167.0
여,16,158.0
여,17,165.0
여,20,164.0
여,19,160.0
여,30,157.0
여,36,152.0
여,37,159.0
여,39,168.0
여,38,155.0
여,37,166.0
여,60,151.0
여,56,165.0
여,41,149.0
여,42,160.0
여,55,153.0
여,39,153.0
여,35,160.0
여,33,156.0
여,50,152.0
여,65,146.0
여,66,152.0
여,60,158.0
여,51,153.0
여,58,156.0
여,31,152.0
여,19,159.0
여,36,157.0
여,60,154.0
여,19,160.0
여,34,161.0
여,16,161.0
여,16,162.0
여,16,160.0
여,17,160.0
여,16,155.0
여,16,155.0
여,16,161.0
여,16,160.0
여,16,154.0
여,16,155.0
여,16,152.0
여,16,154.0
여,17,170.0
여,17,157.0
여,18,159.0
여,18,148.0
여,16,159.0
여,18,150.0
여,16,157.0
여,16,146.0
여,16,152.0
여,21,169.0
여,21,163.0
여,16,161.0
여,16,159.0
여,16,157.0
여,16,155.0
여,17,155.0
여,17,157.0
여,19,156.0
여,17,166.0
여,17,155.0
여,17,152.0
여,19,159.0
여,17,162.0
여,17,157.0
여,17,147.0
여,17,154.0
여,18,161.0
여,19,162.0
여,18,157.0
여,18,155.0
여,17,164.0
여,56,153.0
여,61,145.0
여,59,146.0
여,16,158.0
여,17,161.0
여,18,169.0
여,16,161.0
여,18,165.0
여,16,164.0
여,18,151.0
여,17,166.0
여,18,157.0
여,16,148.0
여,18,164.0
여,18,151.0
여,18,142.0
여,16,154.0
여,18,157.0
여,17,161.0
여,51,147.0
여,54,144.0
여,53,155.0
여,18,160.0
여,46,145.0
여,18,153.0
여,16,154.0
여,58,151.0
여,55,144.0
여,56,157.0
여,56,154.0
여,19,158.0
여,52,160.0
여,19,150.0
여,64,153.0
여,59,157.0
여,56,149.0
여,65,156.0
여,60,158.0
여,33,148.0
여,60,165.0
여,51,153.0
여,61,154.0
여,58,152.0
여,61,151.0
여,56,159.0
여,57,162.0
여,57,154.0
여,50,152.0
여,55,157.0
여,47,161.0
여,65,159.0
여,47,158.0
여,53,156.0
여,53,152.0
여,61,156.0
여,66,151.0
여,56,155.0
여,61,161.0
여,59,143.0
여,60,149.0
여,59,145.0
여,56,152.0
여,54,158.0
여,66,155.0
여,60,158.0
여,64,159.0
여,69,154.0
여,57,152.0
여,61,148.0
여,55,150.0
여,57,147.0
여,55,160.0
여,29,155.0
여,66,151.0
여,65,148.0
여,32,164.0
여,29,157.0
여,43,160.0
여,53,160.0
여,19,155.0
여,34,164.0
여,59,152.0
여,19,155.0
여,19,159.0
여,49,151.0
여,49,156.0
여,25,155.0
여,21,156.0
여,36,157.0
여,31,157.0
여,50,156.0
여,29,167.0
여,49,151.0
여,45,156.0
여,34,152.0
여,60,151.0
여,41,162.0
여,19,159.0
여,19,158.0
여,38,159.0
여,19,157.0
여,32,153.0
여,19,160.0
여,22,163.0
여,49,158.0
여,20,170.0
여,18,157.0
여,49,155.0
여,23,165.0
여,23,155.0
여,19,160.0
여,45,153.0
여,41,157.0
여,38,160.0
여,20,165.0
여,43,164.0
여,26,152.0
여,45,156.0
여,49,154.0
여,20,157.0
여,22,158.0
여,43,155.0
여,18,151.0
여,18,166.0
여,18,159.0
여,24,169.0
여,39,162.0
여,52,151.0
여,38,166.0
여,18,159.0
여,18,157.0
여,17,163.0
여,52,159.0
여,17,162.0
여,43,153.0
여,42,156.0
여,43,156.0
여,19,153.0
여,17,146.0
여,16,167.0
여,17,141.0
여,35,155.0
여,38,159.0
여,39,158.0
여,19,164.0
여,46,154.0
여,17,160.0
여,35,162.0
여,48,155.0
여,40,150.0
여,44,161.0
여,45,157.0
여,46,165.0
여,45,160.0
여,19,160.0
여,42,151.0
여,20,157.0
여,49,156.0
여,19,162.0
여,32,157.0
여,19,170.0
여,20,157.0
여,40,155.0
여,43,163.0
여,21,157.0
여,24,157.0
여,38,156.0
여,23,159.0
여,19,157.0
여,35,157.0
여,19,162.0
여,21,159.0
여,21,158.0
여,22,155.0
여,22,164.0
여,28,166.0
여,22,155.0
여,19,154.0
여,23,158.0
여,28,161.0
여,23,160.0
여,38,161.0
여,23,165.0
여,24,162.0
여,66,154.0
여,66,151.0
여,56,157.0
여,39,157.0
여,59,156.0
여,50,163.0
여,37,157.0
여,37,154.0
여,37,162.0
여,39,163.0
여,39,156.0
여,35,166.0
여,35,159.0
여,36,167.0
여,38,150.0
여,38,157.0
여,36,157.0
여,38,177.0
여,39,166.0
여,36,157.0
여,27,160.0
여,20,156.0
여,30,166.0
여,34,160.0
여,31,156.0
여,25,160.0
여,25,170.0
여,17,158.0
여,17,159.0
여,18,170.0
여,18,172.0
여,18,156.0
여,53,146.0
여,57,157.0
여,63,158.0
여,45,149.0
여,18,158.0
여,16,156.0
여,17,168.0
여,19,160.0
여,54,154.0
여,19,163.0
여,18,157.0
여,54,158.0
여,18,147.0
여,25,159.0
여,30,160.0
여,30,158.0
여,29,164.0
여,30,164.0
여,30,161.0
여,31,163.0
여,29,155.0
여,27,162.0
여,31,164.0
여,31,158.0
여,27,162.0
여,30,158.0
여,26,156.0
여,32,160.0
여,32,163.0
여,29,160.0
여,27,155.0
여,32,159.0
여,32,166.0
여,33,152.0
여,25,157.0
여,33,161.0
여,25,154.0
여,33,161.0
여,33,162.0
여,33,153.0
여,28,162.0
여,29,161.0
여,34,159.0
여,28,157.0
여,35,160.0
여,29,160.0
여,34,159.0
여,34,156.0
여,25,159.0
여,28,157.0
여,35,158.0
여,26,164.0
여,34,159.0
여,29,160.0
여,34,151.0
여,27,160.0
여,47,153.0
여,27,161.0
여,37,159.0
여,23,161.0
여,34,157.0
여,37,155.0
여,20,161.0
여,35,167.0
여,23,159.0
여,23,165.0
여,30,163.0
여,20,170.0
여,20,162.0
여,44,150.0
여,20,157.0
여,37,155.0
